2023-03-13 19:02:00,2,nan,nan,3.41,0,,
2023-03-13 19:03:00,3,nan,nan,3.44,0,,
2023-03-13 19:04:00,4,nan,nan,3.45,0,,
2023-03-13 19:05:00,5,9999999,2,3.41,0,,
2023-03-13 19:06:00,6,-1.582,0,3.39,0,,
2023-03-13 19:12:00,8,nan,nan,3.4,0,,
2023-03-13 19:15:00,9,nan,nan,3.42,0,,
2023-03-13 19:16:00,10,nan,nan,3.43,0,,
2023-03-13 19:17:00,11,nan,nan,3.43,0,,
2023-03-13 19:18:00,12,nan,nan,3.43,0,,
2023-03-13 19:19:00,14,nan,nan,3.37,0,,
2023-03-13 19:30:00,16,9999999,2,3.4,0,,
2023-03-13 19:57:00,18,9999999,2,3.72,0,,
2023-03-13 20:00:00,19,9999999,2,3.73,0,,
2023-03-13 20:05:00,20,9999999,2,3.72,0,,
2023-03-13 20:10:00,21,-0.997,0,3.73,0,,
2023-03-13 20:15:00,22,-0.996,0,3.72,0,,
2023-03-13 20:20:00,23,-0.993,0,3.73,0,,
2023-03-13 20:21:00,24,-0.993,0,3.73,0,,
2023-03-13 20:22:00,25,-0.994,0,3.73,0,,
2023-03-13 20:23:00,26,-0.993,0,3.73,0,,
2023-03-13 20:24:00,27,-0.992,0,3.73,0,,
2023-03-13 20:25:00,28,-0.995,0,3.73,0,,
2023-03-13 20:26:00,29,-0.992,0,3.72,0,,
2023-03-13 20:27:00,30,-0.991,0,3.73,0,,
2023-03-13 20:28:00,31,-0.994,0,3.72,0,,
2023-03-13 20:29:00,32,-1.03,0,3.72,0,,
2023-03-13 20:30:00,33,-1.03,0,3.73,0,,
2023-03-13 20:31:00,34,-1.03,0,3.72,0,,
2023-03-13 20:32:00,35,-1.03,0,3.72,0,,
2023-03-13 20:33:00,36,-1.03,0,3.73,0,,
2023-03-13 20:34:00,37,-1.03,0,3.72,0,,
2023-03-13 20:35:00,38,-1.03,0,3.72,0,,
2023-03-13 20:42:00,40,9999999,8,3.72,0,,
2023-03-13 20:43:00,41,-2.711,0,3.73,0,,
2023-03-13 20:46:00,43,-2.707,0,3.72,0,,
2023-03-13 20:47:00,44,-2.694,0,3.72,0,,
2023-03-13 20:48:00,45,-2.703,0,3.72,0,,
2023-03-13 20:49:00,46,-2.697,0,3.72,0,,
2023-03-13 20:50:00,47,-2.702,0,3.72,0,,
2023-03-13 20:51:00,48,-2.7,0,3.73,0,,
2023-03-13 20:52:00,49,9999999,2,3.72,0,,
2023-03-13 20:53:00,50,9999999,2,3.72,0,,
2023-03-13 20:54:00,51,9999999,2,3.73,0,,
2023-03-13 20:55:00,52,9999999,2,3.72,0,,
2023-03-13 20:56:00,53,9999999,2,3.72,0,,
2023-03-13 20:57:00,54,9999999,2,3.72,0,,
2023-03-13 20:58:00,55,9999999,2,3.72,0,,
2023-03-13 20:59:00,56,9999999,2,3.72,0,,
2023-03-13 21:00:00,57,9999999,2,3.72,0,,
2023-03-13 21:01:00,58,9999999,2,3.72,0,,
2023-03-13 21:02:00,59,9999999,2,3.72,0,,
2023-03-13 21:03:00,60,9999999,2,3.72,0,,
2023-03-13 21:04:00,61,9999999,2,3.72,0,,
2023-03-13 21:05:00,62,9999999,2,3.72,0,,
2023-03-13 21:06:00,63,9999999,2,3.72,0,,
2023-03-13 21:07:00,64,9999999,2,3.72,0,,
2023-03-14 10:15:00,66,9999999,2,3.72,0,,
2023-03-14 10:20:00,67,9999999,2,3.72,0,,
2023-03-14 10:25:00,68,9999999,2,3.72,0,,
2023-03-14 10:30:00,69,9999999,2,3.72,0,,
2023-03-14 10:35:00,70,9999999,2,3.72,0,,
2023-03-14 10:40:00,71,9999999,2,3.72,0,,
2023-03-14 10:45:00,72,9999999,2,3.62,0,,
2023-03-14 10:50:00,73,9999999,2,3.72,0,,
2023-03-14 11:00:00,75,9999999,2,3.72,0,,
2023-03-14 11:05:00,77,9999999,2,3.72,0,,
2023-03-14 11:10:00,78,9999999,2,3.72,0,,
2023-03-14 11:15:00,79,9999999,2,3.72,0,,
2023-03-14 11:20:00,80,9999999,2,3.72,0,,
2023-03-14 11:25:00,82,9999999,2,3.72,0,,
2023-03-14 11:30:00,83,-0.584,0,3.72,0,,
2023-03-14 11:33:00,84,-0.57,0,3.72,0,,
2023-03-14 11:36:00,85,9999999,2,3.72,0,,
2023-03-14 11:39:00,86,9999999,2,3.72,0,,
2023-03-14 11:42:00,87,9999999,2,3.72,0,,
2023-03-14 11:43:00,88,9999999,2,3.72,0,,
2023-03-14 11:44:00,89,9999999,2,3.72,0,,
2023-03-14 11:45:00,90,9999999,2,3.72,0,,
2023-03-14 11:46:00,91,9999999,2,3.72,0,,
2023-03-14 11:47:00,92,9999999,2,3.72,0,,
2023-03-14 11:48:00,93,-0.711,0,3.72,0,,
2023-03-14 11:49:02,94,-0.71,0,3.72,0,,
2023-03-14 11:50:00,95,-0.706,0,3.72,0,,
2023-03-14 11:51:00,96,9999999,2,3.72,0,,
2023-03-14 11:52:00,97,9999999,2,3.72,0,,
2023-03-14 11:53:00,98,9999999,2,3.72,0,,
2023-03-14 11:54:00,99,9999999,2,3.72,0,,
2023-03-14 11:55:00,100,-0.699,0,3.72,0,,
2023-03-14 11:56:00,101,-0.638,0,3.72,0,,
2023-03-14 11:57:00,102,-0.637,0,3.72,0,,
2023-03-14 11:58:00,103,-0.649,0,3.72,0,,
2023-03-14 12:00:00,104,-0.64,0,3.72,0,,
2023-03-14 12:12:00,106,9999999,2,4,0,,
2023-03-14 12:16:00,107,9999999,2,4,0,,
2023-03-14 12:24:00,109,9999999,2,4,0,,
2023-03-14 12:32:00,110,9999999,2,4,0,,
2023-03-14 12:35:00,111,9999999,2,3.9,0,,
2023-03-14 12:40:00,112,-0.688,0,3.83,0,,
2023-03-14 12:44:00,113,9999999,2,3.75,0,,
2023-03-14 12:46:00,115,-0.649,0,3.69,0,,
2023-03-14 12:47:00,116,-0.649,0,3.67,0,,
2023-03-14 12:48:00,117,-0.644,0,3.67,0,,
2023-03-14 12:49:00,118,-0.647,0,3.67,0,,
2023-03-14 12:50:00,119,-0.645,0,3.67,0,,
2023-03-14 12:51:00,120,-0.646,0,3.67,0,,
2023-03-14 12:52:00,121,-0.644,0,3.67,0,,
2023-03-14 12:53:00,122,-0.645,0,3.67,0,,
2023-03-14 12:54:00,123,9999999,2,3.67,0,,
2023-03-14 12:55:00,124,9999999,2,3.67,0,,
2023-03-14 12:56:00,125,9999999,2,3.67,0,,
2023-03-14 12:57:00,126,9999999,2,3.67,0,,
2023-03-14 12:58:00,127,9999999,2,3.67,0,,
2023-03-14 12:59:00,128,-0.997,0,3.67,0,,
2023-03-14 13:00:00,129,9999999,2,3.67,0,,
2023-03-14 13:01:00,130,9999999,2,3.67,0,,
2023-03-14 13:02:00,131,9999999,2,3.67,0,,
2023-03-14 13:03:00,132,9999999,2,3.67,0,,
2023-03-14 13:04:00,133,9999999,2,3.67,0,,
2023-03-14 13:05:00,134,9999999,2,3.67,0,,
2023-03-14 13:10:00,136,-1.733,0,3.0405,3.67,0,
2023-03-14 13:11:00,138,0,-1.735,0,3.0405,3.67,0
2023-03-14 13:12:00,139,30,-1.733,0,3.0403,3.67,0
2023-03-14 13:13:00,140,0,-1.737,0,3.0405,3.67,0
2023-03-14 13:14:00,141,0,9999999,2,3.0405,3.67,0
2023-03-14 13:15:00,142,0,9999999,2,3.0405,3.67,0
2023-03-14 13:16:00,143,0,9999999,2,3.0405,3.67,0
2023-03-14 13:17:00,144,0,-30.606,0,3.0405,3.67,0
2023-03-14 13:18:03,145,0,-28.042,0,3.0405,3.66,0
2023-03-14 13:19:00,146,10,9999999,2,3.0405,3.67,0
2023-03-14 13:20:00,147,0,9999999,2,3.0405,3.67,0
2023-03-14 13:21:00,148,0,9999999,2,3.0405,3.67,0
2023-03-14 13:22:00,149,0,9999999,2,3.0405,3.67,0
2023-03-14 13:23:00,150,0,9999999,2,3.0405,3.67,0
2023-03-14 13:24:00,151,0,9999999,2,3.0405,3.67,0
2023-03-14 13:25:00,152,0,9999999,2,3.0405,3.67,0
2023-03-14 13:29:00,154,0,9999999,2,3.0405,3.67,0
2023-03-14 13:30:00,155,0,9999999,2,3.0405,3.67,0
2023-03-14 13:31:00,156,0,9999999,2,3.0405,3.67,0
2023-03-14 13:32:00,157,0,9999999,2,3.0405,3.67,0
2023-03-14 13:33:00,158,0,9999999,2,3.0405,3.67,0
2023-03-14 13:34:00,159,0,9999999,2,3.0405,3.67,0
2023-03-14 13:35:00,160,0,9999999,2,3.0405,3.67,0
2023-03-14 13:36:00,161,0,9999999,2,3.0405,3.67,0
2023-03-14 13:37:00,162,0,9999999,2,3.0405,3.67,0
2023-03-14 13:38:00,163,0,9999999,2,3.0405,3.67,0
2023-03-14 13:39:00,164,0,9999999,2,3.0405,3.67,0
2023-03-14 13:40:00,165,0,-1.592,0,3.0405,3.67,0
2023-03-14 13:41:00,166,0,9999999,2,3.0405,3.67,0
2023-03-14 13:42:00,167,0,9999999,8,3.0405,3.67,0
2023-03-14 13:43:00,168,0,9999999,8,4.9395,3.67,0
2023-03-14 14:28:00,170,0,-0.618,0,3.0405,3.68,0
2023-03-14 14:29:00,171,0,9999999,2,3.0405,3.68,0
2023-03-14 14:30:00,172,0,-0.619,0,3.0405,3.68,0
2023-03-14 14:31:00,173,0,-0.625,0,3.0405,3.68,0
2023-03-14 14:32:00,174,0,9999999,2,3.0405,3.68,0
2023-03-14 14:33:00,175,0,9999999,2,3.0405,3.68,0
2023-03-14 14:34:00,176,0,9999999,2,3.0405,3.68,0
2023-03-14 14:35:00,177,0,9999999,2,3.0405,3.68,0
2023-03-14 14:36:00,178,0,9999999,2,3.0405,3.68,0
2023-03-14 14:37:00,179,0,9999999,2,3.0405,3.68,0
2023-03-14 14:38:00,180,0,9999999,2,3.0405,3.68,0
2023-03-14 14:39:00,181,0,9999999,2,3.0405,3.68,0
2023-03-14 14:40:00,182,0,9999999,2,3.0405,3.68,0
2023-03-14 14:41:00,183,0,9999999,2,3.0405,3.68,0
2023-03-14 14:42:00,184,0,9999999,2,3.0405,3.68,0
2023-03-14 14:43:00,185,0,-0.797,0,3.0405,3.68,0
2023-03-14 14:44:00,186,0,9999999,2,3.0405,3.68,0
2023-03-14 14:45:00,187,0,9999999,2,3.0405,3.68,0
2023-03-14 14:46:00,188,0,9999999,2,3.0405,3.68,0
2023-03-14 14:47:00,189,0,-0.578,0,3.0405,3.68,0
2023-03-14 14:48:00,190,0,-0.579,0,3.0405,3.68,0
2023-03-14 14:49:00,191,0,-0.58,0,3.0405,3.68,0
2023-03-14 14:50:00,192,0,-2.22,0,3.0405,3.68,0
2023-03-14 14:51:00,193,0,9999999,2,3.0405,3.68,0
2023-03-14 14:52:00,194,0,9999999,2,3.0405,3.68,0
2023-03-14 14:53:00,195,0,9999999,2,3.0405,3.68,0
2023-03-14 14:54:00,196,0,9999999,2,3.0405,3.68,0
2023-03-14 14:55:00,197,0,9999999,2,3.0405,3.68,0
2023-03-14 14:56:00,198,0,9999999,2,3.0405,3.68,0
2023-03-14 14:57:00,199,0,9999999,2,3.0405,3.68,0
2023-03-14 14:58:00,200,0,9999999,2,3.0405,3.68,0
2023-03-14 14:59:00,201,0,9999999,2,3.0405,3.68,0
2023-03-14 15:00:00,202,0,9999999,2,3.0405,3.68,0
2023-03-14 15:01:00,203,0,9999999,2,3.0405,3.68,0
2023-03-14 15:02:00,204,0,9999999,2,3.0405,3.68,0
2023-03-14 15:03:00,205,0,9999999,2,3.0405,3.68,0
2023-03-14 15:04:00,206,0,9999999,2,3.0405,3.68,0
2023-03-14 15:05:00,207,0,9999999,2,3.0405,3.68,0
2023-03-14 15:06:00,208,0,9999999,2,3.0405,3.68,0
2023-03-14 15:07:00,209,0,9999999,2,3.0403,3.68,0
2023-03-14 15:08:00,210,0,9999999,2,3.0405,3.68,0
2023-03-14 15:09:00,211,0,9999999,2,3.0405,3.68,0
2023-03-14 15:10:00,212,0,9999999,2,3.0405,3.68,0
2023-03-14 15:11:00,213,0,9999999,2,3.0405,3.68,0
2023-03-14 15:23:00,215,0,-35.399,0,3.0405,3.67,0
2023-03-14 15:24:00,216,0,9999999,2,3.0405,3.68,0
2023-03-14 15:25:00,217,0,9999999,2,3.0405,3.68,0
2023-03-14 15:28:00,218,0,9999999,2,3.0405,3.68,0
2023-03-14 15:32:00,219,0,9999999,2,3.0405,3.68,0
2023-03-14 15:36:00,220,0,9999999,2,3.0405,3.68,0
2023-03-14 15:40:00,221,0,9999999,2,3.0405,3.67,0
2023-03-14 15:42:00,222,0,9999999,2,3.0405,3.68,0
2023-03-14 15:44:00,223,0,9999999,2,3.0405,3.68,0
2023-03-14 15:48:00,224,0,-5.537,0,3.0405,3.68,0
2023-03-14 15:54:00,225,0,9999999,8,3.0405,3.68,0
2023-03-14 15:56:00,226,0,9999999,2,3.0405,3.68,0
2023-03-14 15:58:00,227,0,9999999,2,3.0405,3.68,0
2023-03-14 16:00:00,228,0,9999999,2,3.0405,3.68,0
2023-03-14 16:02:00,229,0,9999999,2,3.0405,3.68,0
2023-03-14 16:04:00,230,0,9999999,2,3.0405,3.68,0
2023-03-14 16:06:00,231,0,nan,nan,3.0405,3.68,0
2023-03-14 16:08:00,232,0,nan,nan,3.0405,3.68,0
2023-03-14 16:10:00,233,0,nan,nan,3.0405,3.68,0
2023-03-14 16:12:00,234,0,nan,nan,3.0405,3.68,0
2023-03-14 16:35:10,255,0,9999999,2,3.0405,3.69,0
2023-03-14 16:36:00,256,8,9999999,2,3.0405,3.69,0
2023-03-14 16:37:00,257,0,9999999,2,3.0405,3.69,0
2023-03-14 16:38:00,258,0,9999999,2,3.0405,3.69,0
2023-03-14 16:39:00,259,26,9999999,2,3.0405,3.69,0
2023-03-14 16:40:00,260,0,9999999,2,3.0405,3.69,0
2023-03-14 16:41:00,261,0,9999999,2,3.0405,3.69,0
2023-03-14 16:42:00,262,0,9999999,2,3.0405,3.69,0
2023-03-14 16:43:00,263,0,9999999,2,3.0405,3.69,0
2023-03-14 16:47:00,265,0,9999999,2,3.0405,3.69,0
2023-03-14 16:48:00,266,0,9999999,2,3.0405,3.69,0
2023-03-14 16:49:00,268,0,3.0405,3.68,0,,
2023-03-14 16:50:00,269,0,3.5329,3.68,0,,
2023-03-14 16:51:00,270,0,3.0405,3.68,0,,
2023-03-14 16:52:00,271,0,3.0405,3.69,0,,
2023-03-14 16:53:00,272,0,9999999,2,3.0405,3.69,0
2023-03-14 16:54:00,274,0,9999999,2,3.0405,3.69,0
2023-03-14 16:55:00,275,0,9999999,2,3.0405,3.69,0
2023-03-14 16:56:00,276,0,9999999,2,3.0405,3.69,0
2023-03-14 16:57:00,277,0,9999999,2,3.0405,3.69,0
2023-03-14 16:58:00,278,0,9999999,2,3.0405,3.69,0
2023-03-14 16:59:00,279,0,9999999,2,3.0405,3.69,0
2023-03-14 17:00:00,280,0,9999999,2,3.0405,3.69,0
2023-03-14 17:01:00,281,0,9999999,2,3.0405,3.69,0
2023-03-14 17:02:00,282,0,9999999,2,3.0405,3.68,0
2023-03-14 17:03:00,283,0,9999999,2,3.0405,3.68,0
2023-03-14 17:04:00,284,0,9999999,2,3.0405,3.69,0
2023-03-14 17:05:00,285,0,9999999,2,3.0405,3.69,0
2023-03-14 18:13:00,287,0,9999999,2,3.0405,3.68,0
2023-03-14 18:14:00,288,0,9999999,2,3.0405,3.68,0
2023-03-14 18:15:00,289,0,9999999,2,3.0405,3.69,0
2023-03-14 18:16:00,290,0,9999999,2,3.0405,3.68,0
2023-03-14 18:17:00,291,0,9999999,2,3.0405,3.69,0
2023-03-14 18:18:00,292,0,9999999,2,3.0405,3.68,0
2023-03-14 18:19:00,293,0,9999999,2,3.0405,3.69,0
2023-03-14 18:20:00,294,0,9999999,2,3.0405,3.69,0
2023-03-14 18:21:00,295,0,-1.653,0,3.0405,3.69,0
2023-03-14 18:22:00,296,0,-1.691,0,3.0405,3.69,0
2023-03-14 18:23:00,297,0,9999999,2,3.0405,3.68,0
2023-03-14 18:24:00,298,0,-1.659,0,3.0405,3.68,0
2023-03-14 18:25:00,299,0,-1.665,0,3.0405,3.68,0
2023-03-14 18:26:00,300,0,-1.682,0,3.0405,3.69,0
2023-03-14 18:27:00,301,0,9999999,2,3.0405,3.69,0
2023-03-14 18:28:00,302,0,9999999,2,3.0405,3.69,0
2023-03-14 18:29:00,303,0,9999999,2,3.0405,3.68,0
2023-03-14 18:40:00,305,0,9999999,2,3.0405,3.68,0
2023-03-15 10:40:00,307,0,-0.173,0,0.5721,3.68,0
2023-03-15 10:50:00,309,9999999,2,3.68,0,,
2023-03-15 11:00:00,311,-1.739,0,3.67,0,,
2023-03-15 11:10:00,313,-1.736,0,3.67,0,,
2023-03-15 11:20:00,314,-1.734,0,3.67,0,,
2023-03-15 11:30:00,316,-1.737,0,3.67,0,,
2023-03-15 11:31:00,317,-1.736,0,3.67,0,,
2023-03-15 11:32:00,318,-1.736,0,3.67,0,,
2023-03-15 11:33:00,319,-1.732,0,3.67,0,,
2023-03-15 11:34:00,320,-1.736,0,3.67,0,,
2023-03-15 11:35:00,321,-1.733,0,3.67,0,,
2023-03-15 11:36:00,322,-1.734,0,3.68,0,,
2023-03-15 11:37:00,323,9999999,2,3.67,0,,
2023-03-15 11:38:00,324,9999999,2,3.67,0,,
2023-03-15 11:39:00,325,9999999,2,3.67,0,,
2023-03-15 11:40:00,326,9999999,2,3.67,0,,
2023-03-15 11:41:00,327,9999999,2,3.67,0,,
2023-03-15 11:42:00,328,9999999,2,3.67,0,,
2023-03-15 11:43:00,329,9999999,2,3.68,0,,
2023-03-15 11:44:00,330,9999999,2,3.67,0,,
2023-03-15 11:45:00,331,9999999,2,3.67,0,,
2023-03-15 11:46:00,332,9999999,2,3.67,0,,
2023-03-15 11:47:00,333,9999999,2,3.67,0,,
2023-03-15 11:48:00,334,9999999,2,3.67,0,,
2023-03-15 11:49:00,335,9999999,2,3.67,0,,
2023-03-15 11:50:00,336,9999999,2,3.67,0,,
2023-03-15 11:51:00,337,9999999,2,3.67,0,,
2023-03-15 11:52:00,338,9999999,2,3.67,0,,
2023-03-15 11:53:00,339,9999999,2,3.67,0,,
2023-03-15 11:54:00,340,9999999,2,3.68,0,,
2023-03-15 11:55:00,341,9999999,2,3.67,0,,
2023-03-15 11:56:00,342,9999999,2,3.68,0,,
2023-03-15 11:57:00,343,9999999,2,3.67,0,,
2023-03-15 11:58:00,344,9999999,2,3.68,0,,
2023-03-15 11:59:00,345,9999999,2,3.68,0,,
2023-03-15 12:00:00,346,-0.655,0,3.68,0,,
2023-03-15 12:01:00,347,-0.652,0,3.68,0,,
2023-03-15 12:02:00,348,-0.651,0,3.68,0,,
2023-03-15 12:03:00,349,-0.649,0,3.68,0,,
2023-03-15 12:04:00,350,9999999,2,3.68,0,,
2023-03-15 12:05:00,351,9999999,2,3.68,0,,
2023-03-15 12:06:00,352,9999999,2,3.68,0,,
2023-03-15 12:07:00,353,9999999,2,3.68,0,,
2023-03-15 12:08:00,354,9999999,2,3.68,0,,
2023-03-15 12:09:00,355,9999999,2,3.68,0,,
2023-03-15 12:10:00,356,9999999,2,3.68,0,,
2023-03-15 12:11:00,357,9999999,2,3.68,0,,
2023-03-15 12:12:00,358,9999999,2,3.68,0,,
2023-03-15 12:13:00,359,9999999,2,3.68,0,,
2023-03-15 12:14:00,360,9999999,2,3.68,0,,
2023-03-15 12:15:00,361,9999999,2,3.68,0,,
2023-03-15 12:16:00,362,9999999,2,3.68,0,,
2023-03-15 12:17:00,363,9999999,2,3.68,0,,
2023-03-15 12:18:00,364,9999999,2,3.68,0,,
2023-03-15 12:19:00,365,9999999,2,3.68,0,,
2023-03-15 12:20:00,366,9999999,2,3.68,0,,
2023-03-15 12:21:00,367,9999999,2,3.68,0,,
2023-03-15 12:22:00,368,9999999,2,3.68,0,,
2023-03-15 12:23:00,369,9999999,2,3.68,0,,
2023-03-15 12:24:00,370,-0.734,0,3.68,0,,
2023-03-15 12:25:00,371,9999999,2,3.68,0,,
2023-03-15 12:26:00,372,9999999,2,3.68,0,,
2023-03-15 12:27:00,373,9999999,2,3.68,0,,
2023-03-15 12:28:00,374,9999999,2,3.68,0,,
2023-03-15 12:29:00,375,9999999,2,3.68,0,,
2023-03-15 12:30:00,376,9999999,2,3.68,0,,
2023-03-15 12:31:00,377,9999999,2,3.68,0,,
2023-03-15 12:32:00,378,9999999,2,3.68,0,,
2023-03-15 12:33:00,379,9999999,2,3.68,0,,
2023-03-15 12:34:00,380,9999999,2,3.68,0,,
2023-03-15 12:35:00,381,9999999,2,3.68,0,,
2023-03-15 12:36:00,382,9999999,2,3.68,0,,
2023-03-15 12:37:00,383,9999999,2,3.68,0,,
2023-03-15 12:38:00,384,9999999,2,3.68,0,,
2023-03-15 12:39:00,385,9999999,2,3.68,0,,
2023-03-15 12:40:00,386,9999999,2,3.68,0,,
2023-03-15 12:41:00,387,9999999,2,3.68,0,,
2023-03-15 12:42:00,388,9999999,2,3.68,0,,
2023-03-15 12:43:00,389,9999999,2,3.68,0,,
2023-03-15 12:44:00,390,9999999,2,3.68,0,,
2023-03-15 12:45:00,391,-0.737,0,3.68,0,,
2023-03-15 12:46:00,392,9999999,2,3.68,0,,
2023-03-15 12:47:00,393,9999999,2,3.68,0,,
2023-03-15 12:48:00,394,9999999,2,3.68,0,,
2023-03-15 12:49:00,395,-0.627,0,3.68,0,,
2023-03-15 12:50:00,396,9999999,2,3.68,0,,
2023-03-15 12:51:00,397,-2.224,0,3.68,0,,
2023-03-15 12:52:00,398,-2.226,0,3.68,0,,
2023-03-15 12:53:00,399,-2.228,0,3.68,0,,
2023-03-15 12:54:00,400,-2.229,0,3.68,0,,
2023-03-15 12:55:00,401,9999999,2,3.68,0,,
2023-03-15 12:56:00,402,9999999,2,3.68,0,,
2023-03-15 12:57:00,403,-0.713,0,3.68,0,,
2023-03-15 12:58:00,404,9999999,2,3.68,0,,
2023-03-15 12:59:00,405,9999999,2,3.68,0,,
2023-03-15 13:00:00,406,9999999,2,3.68,0,,
2023-03-15 13:01:00,407,9999999,2,3.68,0,,
2023-03-15 13:02:00,408,9999999,2,3.68,0,,
2023-03-15 13:03:00,409,9999999,2,3.68,0,,
2023-03-15 13:04:00,410,9999999,2,3.68,0,,
2023-03-15 13:05:00,411,9999999,2,3.68,0,,
2023-03-15 13:06:00,412,9999999,2,3.68,0,,
2023-03-15 13:07:00,413,9999999,2,3.68,0,,
2023-03-15 13:08:00,414,9999999,2,3.68,0,,
2023-03-15 13:09:00,415,9999999,2,3.68,0,,
2023-03-15 13:10:00,416,9999999,2,3.68,0,,
2023-03-15 13:11:00,417,9999999,2,3.68,0,,
2023-03-15 13:12:00,418,9999999,2,3.68,0,,
2023-03-15 13:13:00,419,9999999,2,3.68,0,,
2023-03-15 13:14:00,420,9999999,2,3.68,0,,
2023-03-15 13:15:00,421,9999999,2,3.68,0,,
2023-03-15 13:16:00,422,9999999,2,3.68,0,,
2023-03-15 13:17:00,423,9999999,2,3.68,0,,
2023-03-15 13:18:00,424,9999999,2,3.68,0,,
2023-03-15 13:19:00,425,9999999,2,3.68,0,,
2023-03-15 13:20:00,426,9999999,2,3.68,0,,
2023-03-15 13:21:00,427,9999999,2,3.68,0,,
2023-03-15 13:22:00,428,9999999,2,3.68,0,,
2023-03-15 13:23:00,429,9999999,2,3.68,0,,
2023-03-15 13:24:00,430,-0.797,0,3.68,0,,
2023-03-15 13:25:00,431,9999999,2,3.68,0,,
2023-03-15 13:26:00,432,9999999,2,3.68,0,,
2023-03-15 13:27:00,433,9999999,2,3.68,0,,
2023-03-15 13:28:00,434,9999999,2,3.68,0,,
2023-03-15 13:29:00,435,9999999,2,3.68,0,,
2023-03-15 13:30:00,436,9999999,2,3.68,0,,
2023-03-15 13:31:00,437,9999999,2,3.68,0,,
2023-03-15 13:32:00,438,9999999,2,3.68,0,,
2023-03-15 13:33:00,439,9999999,2,3.68,0,,
2023-03-15 13:34:00,440,9999999,2,3.68,0,,
2023-03-15 13:35:00,441,9999999,2,3.68,0,,
2023-03-15 13:36:00,442,-1.586,0,3.68,0,,
2023-03-15 13:37:00,443,-1.762,0,3.68,0,,
2023-03-15 13:38:00,444,9999999,2,3.68,0,,
2023-03-15 13:39:00,445,9999999,2,3.68,0,,
2023-03-15 13:40:00,446,-1.626,0,3.68,0,,
2023-03-15 13:41:00,447,-1.533,0,3.68,0,,
2023-03-15 13:42:00,448,9999999,2,3.68,0,,
2023-03-15 13:43:00,449,9999999,2,3.68,0,,
2023-03-15 13:44:00,450,9999999,2,3.68,0,,
2023-03-15 13:45:00,451,9999999,2,3.67,0,,
2023-03-15 13:46:00,452,-1.546,0,3.68,0,,
2023-03-15 13:47:00,453,9999999,2,3.67,0,,
2023-03-15 13:48:00,454,9999999,2,3.68,0,,
2023-03-15 13:49:00,455,9999999,2,3.68,0,,
2023-03-15 13:50:00,456,9999999,2,3.68,0,,
2023-03-15 13:51:00,457,9999999,2,3.68,0,,
2023-03-15 13:52:00,458,9999999,2,3.68,0,,
2023-03-15 13:53:00,459,9999999,2,3.68,0,,
2023-03-15 13:54:00,460,9999999,2,3.68,0,,
2023-03-15 13:55:00,461,9999999,2,3.68,0,,
2023-03-15 13:56:00,462,9999999,2,3.68,0,,
2023-03-15 13:57:00,463,9999999,2,3.68,0,,
2023-03-15 13:58:00,464,9999999,2,3.68,0,,
2023-03-15 13:59:00,465,9999999,2,3.68,0,,
2023-03-15 14:00:00,466,9999999,2,3.68,0,,
2023-03-15 14:01:00,467,9999999,2,3.68,0,,
2023-03-15 14:02:00,468,9999999,2,3.68,0,,
2023-03-15 14:03:00,469,9999999,2,3.68,0,,
2023-03-15 14:04:00,470,9999999,2,3.68,0,,
2023-03-15 14:05:00,471,9999999,2,3.68,0,,
2023-03-15 14:06:00,472,9999999,2,3.68,0,,
2023-03-15 14:07:00,473,9999999,2,3.68,0,,
2023-03-15 14:08:00,474,9999999,2,3.68,0,,
2023-03-15 14:09:00,475,9999999,2,3.68,0,,
2023-03-15 14:10:00,476,9999999,2,3.68,0,,
2023-03-15 14:11:00,477,9999999,2,3.68,0,,
2023-03-15 14:12:00,478,9999999,2,3.68,0,,
2023-03-15 14:13:00,479,9999999,2,3.68,0,,
2023-03-15 14:14:00,480,9999999,2,3.68,0,,
2023-03-15 14:15:00,481,9999999,2,3.68,0,,
2023-03-15 14:16:00,482,9999999,2,3.68,0,,
2023-03-15 14:17:00,483,9999999,2,3.68,0,,
2023-03-15 14:18:00,484,9999999,2,3.68,0,,
2023-03-15 14:19:00,485,9999999,2,3.68,0,,
2023-03-15 14:20:00,486,9999999,2,3.68,0,,
2023-03-15 14:21:00,487,9999999,2,3.68,0,,
2023-03-15 14:22:00,488,9999999,2,3.68,0,,
2023-03-15 14:23:00,489,9999999,2,3.68,0,,
2023-03-15 14:24:00,490,9999999,2,3.68,0,,
2023-03-15 14:25:00,491,9999999,2,3.68,0,,
2023-03-15 14:26:00,492,-0.634,0,3.68,0,,
2023-03-15 14:27:00,493,9999999,2,3.68,0,,
2023-03-15 14:28:00,494,9999999,2,3.68,0,,
2023-03-15 14:29:00,495,9999999,2,3.68,0,,
2023-03-15 14:30:00,496,9999999,2,3.68,0,,
2023-03-15 14:31:00,497,9999999,2,3.68,0,,
2023-03-15 14:32:00,498,9999999,2,3.68,0,,
2023-03-15 14:33:00,499,9999999,2,3.68,0,,
2023-03-15 14:34:00,500,9999999,2,3.68,0,,
2023-03-15 14:35:00,501,9999999,2,3.68,0,,
2023-03-15 14:36:00,502,9999999,2,3.68,0,,
2023-03-15 14:37:00,503,9999999,2,3.68,0,,
2023-03-15 14:38:00,504,9999999,2,3.68,0,,
2023-03-15 14:39:00,505,9999999,2,3.68,0,,
2023-03-15 14:40:00,506,9999999,2,3.68,0,,
2023-03-15 14:41:00,507,9999999,2,3.68,0,,
2023-03-15 14:42:00,508,9999999,2,3.68,0,,
2023-03-15 14:43:00,509,9999999,2,3.68,0,,
2023-03-15 14:44:00,510,9999999,2,3.68,0,,
2023-03-15 14:45:00,511,9999999,2,3.68,0,,
2023-03-15 14:46:00,512,9999999,2,3.68,0,,
2023-03-15 14:47:00,513,9999999,2,3.68,0,,
2023-03-15 14:48:00,514,9999999,2,3.68,0,,
2023-03-15 14:49:00,515,9999999,2,3.68,0,,
2023-03-15 14:50:00,516,9999999,2,3.68,0,,
2023-03-15 14:51:00,517,9999999,2,3.68,0,,
2023-03-15 14:52:00,518,9999999,2,3.67,0,,
2023-03-15 14:53:00,519,9999999,2,3.68,0,,
2023-03-15 14:54:00,520,9999999,2,3.68,0,,
2023-03-15 14:55:00,521,9999999,2,3.68,0,,
2023-03-15 14:56:00,522,9999999,2,3.68,0,,
2023-03-15 14:57:00,523,9999999,2,3.68,0,,
2023-03-15 14:58:00,524,9999999,2,3.68,0,,
2023-03-15 14:59:00,525,9999999,2,3.68,0,,
2023-03-15 15:00:00,526,9999999,2,3.68,0,,
2023-03-15 15:01:00,527,9999999,2,3.68,0,,
2023-03-15 15:02:00,528,9999999,2,3.68,0,,
2023-03-15 15:03:00,529,9999999,2,3.68,0,,
2023-03-15 15:04:00,530,9999999,2,3.68,0,,
2023-03-15 15:05:00,531,9999999,2,3.68,0,,
2023-03-15 15:06:00,532,9999999,2,3.68,0,,
2023-03-15 15:07:00,533,9999999,2,3.68,0,,
2023-03-15 15:08:00,534,-0.796,0,3.68,0,,
2023-03-15 15:09:00,535,9999999,2,3.68,0,,
2023-03-15 15:10:00,536,9999999,2,3.68,0,,
2023-03-15 15:11:00,537,-0.641,0,3.68,0,,
2023-03-15 15:12:00,538,-0.63,0,3.68,0,,
2023-03-15 15:13:00,539,-0.628,0,3.68,0,,
2023-03-15 15:14:00,540,-0.627,0,3.68,0,,
2023-03-15 15:15:00,541,-0.626,0,3.68,0,,
2023-03-15 15:16:00,542,-0.626,0,3.67,0,,
2023-03-15 15:17:00,543,-0.626,0,3.68,0,,
2023-03-15 15:18:00,544,9999999,2,3.68,0,,
2023-03-15 15:19:00,545,9999999,2,3.68,0,,
2023-03-15 15:20:00,546,9999999,2,3.68,0,,
2023-03-15 15:21:00,547,9999999,2,3.68,0,,
2023-03-15 15:22:00,548,9999999,2,3.68,0,,
2023-03-15 15:23:00,549,9999999,2,3.68,0,,
2023-03-15 15:24:00,550,9999999,2,3.68,0,,
2023-03-15 15:25:00,551,9999999,2,3.68,0,,
2023-03-15 15:26:00,552,9999999,2,3.68,0,,
2023-03-15 15:27:00,553,9999999,2,3.68,0,,
2023-03-15 15:28:00,554,9999999,2,3.68,0,,
2023-03-15 15:29:00,555,9999999,2,3.68,0,,
2023-03-15 15:30:00,556,9999999,2,3.68,0,,
2023-03-15 15:31:00,557,9999999,2,3.68,0,,
2023-03-15 15:32:00,558,9999999,2,3.68,0,,
2023-03-15 15:33:00,559,9999999,2,3.68,0,,
2023-03-15 15:34:00,560,9999999,2,3.68,0,,
2023-03-15 15:35:00,561,9999999,2,3.68,0,,
2023-03-15 15:36:00,562,9999999,2,3.68,0,,
2023-03-15 15:37:00,563,9999999,2,3.68,0,,
2023-03-15 15:38:00,564,9999999,2,3.68,0,,
2023-03-15 15:39:00,565,9999999,2,3.68,0,,
2023-03-15 15:40:00,566,9999999,2,3.68,0,,
2023-03-15 15:41:00,567,9999999,2,3.68,0,,
2023-03-15 15:42:00,568,9999999,2,3.68,0,,
2023-03-15 15:43:00,569,9999999,2,3.68,0,,
2023-03-15 15:44:00,570,9999999,2,3.68,0,,
2023-03-15 15:45:00,571,9999999,2,3.68,0,,
2023-03-15 15:46:00,572,9999999,2,3.68,0,,
2023-03-15 15:47:00,573,9999999,2,3.68,0,,
2023-03-15 15:48:00,574,9999999,2,3.68,0,,
2023-03-15 15:49:00,575,9999999,2,3.68,0,,
2023-03-15 15:50:00,576,9999999,2,3.68,0,,
2023-03-15 15:51:00,577,9999999,2,3.68,0,,
2023-03-15 15:52:00,578,9999999,2,3.67,0,,
2023-03-15 15:53:00,579,9999999,2,3.68,0,,
2023-03-15 15:54:00,580,9999999,2,3.68,0,,
2023-03-15 15:55:00,581,9999999,2,3.68,0,,
2023-03-15 15:56:00,582,9999999,2,3.68,0,,
2023-03-15 15:57:00,583,9999999,2,3.68,0,,
2023-03-15 15:58:00,584,9999999,2,3.68,0,,
2023-03-15 15:59:00,585,9999999,2,3.68,0,,
2023-03-15 16:00:00,586,9999999,2,3.68,0,,
2023-03-15 16:01:00,587,9999999,2,3.68,0,,
2023-03-15 16:02:00,588,9999999,2,3.68,0,,
2023-03-15 16:03:00,589,9999999,2,3.68,0,,
2023-03-15 16:04:00,590,9999999,2,3.68,0,,
2023-03-15 16:05:00,591,9999999,2,3.68,0,,
2023-03-15 16:06:00,592,9999999,2,3.68,0,,
2023-03-15 16:07:00,593,9999999,2,3.68,0,,
2023-03-15 16:08:00,594,9999999,2,3.68,0,,
2023-03-15 16:09:00,595,9999999,2,3.68,0,,
2023-03-15 16:10:00,596,9999999,2,3.68,0,,
2023-03-15 16:11:00,597,9999999,2,3.67,0,,
2023-03-15 16:12:00,598,9999999,2,3.68,0,,
2023-03-15 16:13:00,599,9999999,2,3.68,0,,
2023-03-15 16:14:00,600,9999999,2,3.68,0,,
2023-03-15 16:15:00,601,9999999,2,3.68,0,,
2023-03-15 16:16:00,602,9999999,2,3.68,0,,
2023-03-15 16:17:00,603,9999999,2,3.68,0,,
2023-03-15 16:18:00,604,9999999,2,3.68,0,,
2023-03-15 16:19:00,605,9999999,2,3.68,0,,
2023-03-15 16:20:00,606,9999999,2,3.68,0,,
2023-03-15 16:21:00,607,9999999,2,3.68,0,,
2023-03-15 16:22:00,608,9999999,2,3.68,0,,
2023-03-15 16:23:00,609,9999999,2,3.68,0,,
2023-03-15 16:24:00,610,9999999,2,3.68,0,,
2023-03-15 16:25:00,611,9999999,2,3.68,0,,
2023-03-15 16:26:00,612,9999999,2,3.68,0,,
2023-03-15 16:27:00,613,9999999,2,3.68,0,,
2023-03-15 16:28:00,614,9999999,2,3.68,0,,
2023-03-15 16:29:00,615,9999999,2,3.68,0,,
2023-03-15 16:30:00,616,9999999,2,3.68,0,,
2023-03-15 16:31:00,617,9999999,2,3.68,0,,
2023-03-15 16:32:00,618,9999999,2,3.68,0,,
2023-03-15 16:33:00,619,9999999,2,3.68,0,,
2023-03-15 16:34:00,620,9999999,2,3.68,0,,
2023-03-15 16:35:00,621,9999999,2,3.68,0,,
2023-03-15 16:36:00,622,9999999,2,3.68,0,,
2023-03-15 16:37:00,623,9999999,2,3.68,0,,
2023-03-15 16:38:00,624,9999999,2,3.68,0,,
2023-03-15 16:39:00,625,-1.764,0,3.68,0,,
2023-03-15 16:40:00,626,-1.924,0,3.68,0,,
2023-03-15 16:41:00,627,-1.865,0,3.68,0,,
2023-03-15 16:42:00,628,-1.612,0,3.68,0,,
2023-03-15 16:43:00,629,-3.039,0,3.68,0,,
2023-03-15 16:44:00,630,-3.037,0,3.68,0,,
2023-03-15 16:45:00,631,-3.039,0,3.68,0,,
2023-03-15 16:46:00,632,-3.037,0,3.68,0,,
2023-03-15 16:47:00,633,-3.038,0,3.68,0,,
2023-03-15 16:48:00,634,-3.035,0,3.68,0,,
2023-03-15 16:49:00,635,-3.038,0,3.68,0,,
2023-03-15 16:50:00,636,-3.034,0,3.68,0,,
2023-03-15 16:51:00,637,-3.035,0,4,0,,
2023-03-15 16:52:00,638,-3.034,0,4.01,0,,
2023-03-15 16:54:00,640,-3.037,0,4.02,0,,
2023-03-15 16:55:00,641,-3.032,0,4.02,0,,
2023-03-15 16:56:00,642,-3.035,0,3.63,0,,
2023-03-15 16:57:00,643,-3.032,0,3.97,0,,
2023-03-15 16:58:00,644,-3.031,0,3.76,0,,
2023-03-15 16:59:02,645,-3.032,0,3.75,0,,
2023-03-15 17:00:00,646,-3.031,0,3.76,0,,
2023-03-15 17:01:00,647,-3.034,0,3.75,0,,
2023-03-15 17:05:00,648,-3.032,0,3.79,0,,
2023-03-15 17:10:00,650,-3.034,0,3.75,0,,
2023-03-15 17:15:00,651,-3.029,0,3.75,0,,
2023-03-15 17:20:00,652,-3.03,0,3.76,0,,
2023-03-15 17:25:00,653,-3.032,0,3.75,0,,
2023-03-15 17:30:00,654,-3.027,0,3.75,0,,
2023-03-15 18:02:00,667,9999999,2,3.75,0,,
2023-03-15 18:03:00,668,9999999,2,3.75,0,,
2023-03-15 18:04:00,669,9999999,2,3.75,0,,
2023-03-15 18:05:00,670,9999999,2,3.75,0,,
2023-03-15 18:06:00,671,9999999,2,3.75,0,,
2023-03-15 18:07:00,672,9999999,2,3.76,0,,
2023-03-15 18:08:00,673,9999999,2,3.75,0,,
2023-03-15 18:09:00,674,9999999,2,3.75,0,,
2023-03-15 18:10:00,675,9999999,2,3.75,0,,
2023-03-15 18:11:00,676,9999999,2,3.75,0,,
2023-03-15 18:12:00,677,9999999,2,3.75,0,,
2023-03-15 18:13:00,678,9999999,2,3.75,0,,
2023-03-15 18:14:00,679,9999999,2,3.75,0,,
2023-03-15 18:15:00,680,9999999,2,3.69,0,,
2023-03-15 18:16:00,681,9999999,2,3.67,0,,
2023-03-15 18:17:00,682,9999999,8,3.63,0,,
2023-03-15 18:38:00,694,9999999,2,3.4,0,,
2023-03-15 18:39:00,695,9999999,2,3.4,0,,
2023-03-15 18:40:00,697,9999999,2,3.73,0,,
2023-03-15 18:41:00,698,9999999,2,3.75,0,,
2023-03-15 18:42:00,699,9999999,2,3.75,0,,
2023-03-15 18:43:00,700,9999999,2,3.75,0,,
2023-03-15 18:44:00,701,9999999,2,3.75,0,,
2023-03-15 18:45:00,702,9999999,2,3.75,0,,
2023-03-15 18:46:00,703,9999999,2,3.75,0,,
2023-03-15 18:47:00,704,9999999,2,3.75,0,,
2023-03-15 18:48:00,705,9999999,2,3.75,0,,
2023-03-15 18:49:00,706,9999999,2,3.75,0,,
2023-03-15 18:50:00,707,9999999,2,3.75,0,,
2023-03-15 18:51:00,708,9999999,2,3.75,0,,
2023-03-15 18:52:00,709,9999999,2,3.75,0,,
2023-03-15 18:53:00,710,9999999,2,3.75,0,,
2023-03-15 18:54:00,711,9999999,2,3.76,0,,
2023-03-15 18:55:00,712,9999999,2,3.75,0,,
2023-03-15 18:56:00,713,9999999,2,3.74,0,,
2023-03-15 18:57:00,714,9999999,2,3.75,0,,
2023-03-15 18:58:00,715,9999999,2,3.75,0,,
2023-03-15 18:59:00,716,9999999,2,3.76,0,,
2023-03-15 19:00:00,717,9999999,2,3.75,0,,
2023-03-15 19:01:00,718,9999999,2,3.76,0,,
2023-03-15 19:02:00,719,9999999,2,3.75,0,,
2023-03-15 19:03:00,720,9999999,2,3.75,0,,
2023-03-15 19:04:00,721,9999999,2,3.74,0,,
2023-03-15 19:05:00,722,9999999,2,3.75,0,,
2023-03-15 19:06:00,723,9999999,2,3.76,0,,
2023-03-15 19:07:00,724,9999999,2,3.75,0,,
2023-03-15 19:08:00,725,9999999,2,3.76,0,,
2023-03-15 19:09:00,726,9999999,2,3.75,0,,
2023-03-15 19:10:00,727,9999999,2,3.76,0,,
2023-03-15 19:11:00,728,9999999,2,3.75,0,,
2023-03-15 19:12:00,729,9999999,2,3.75,0,,
2023-03-15 19:13:00,730,9999999,2,3.74,0,,
2023-03-15 19:14:00,731,9999999,2,3.75,0,,
2023-03-15 19:15:00,732,9999999,2,3.76,0,,
2023-03-15 19:16:00,733,9999999,2,3.75,0,,
2023-03-15 19:17:00,734,9999999,2,3.75,0,,
2023-03-15 19:18:00,735,9999999,2,3.75,0,,
2023-03-15 19:19:00,736,9999999,2,3.75,0,,
2023-03-15 19:20:00,737,9999999,2,3.75,0,,
2023-03-15 19:21:00,738,9999999,2,3.75,0,,
2023-03-15 19:22:00,739,9999999,2,3.76,0,,
2023-03-15 19:23:00,740,9999999,2,3.75,0,,
2023-03-15 19:24:00,741,9999999,2,3.75,0,,
2023-03-15 19:25:00,742,9999999,2,3.75,0,,
2023-03-15 19:26:00,743,9999999,2,3.75,0,,
2023-03-15 19:27:00,744,9999999,2,3.75,0,,
2023-03-15 19:28:00,745,9999999,2,3.75,0,,
2023-03-15 19:29:00,746,9999999,2,3.76,0,,
2023-03-15 19:30:00,747,9999999,2,3.75,0,,
2023-03-15 19:31:00,748,9999999,2,3.75,0,,
2023-03-15 19:32:00,749,9999999,2,3.76,0,,
2023-03-15 19:33:00,750,9999999,2,3.75,0,,
2023-03-15 19:34:00,751,9999999,2,3.75,0,,
2023-03-15 19:35:00,752,9999999,2,3.75,0,,
2023-03-15 19:36:00,753,9999999,2,3.76,0,,
2023-03-15 19:37:00,754,9999999,2,3.75,0,,
2023-03-15 19:38:00,755,9999999,2,3.75,0,,
2023-03-15 19:39:00,756,9999999,2,3.75,0,,
2023-03-15 19:40:00,757,9999999,2,3.75,0,,
2023-03-15 19:41:00,758,9999999,2,3.75,0,,
2023-03-15 19:42:00,759,9999999,2,3.75,0,,
2023-03-15 19:43:00,760,9999999,2,3.76,0,,
2023-03-15 19:44:00,761,9999999,2,3.75,0,,
2023-03-15 19:45:00,762,9999999,2,3.75,0,,
2023-03-15 19:46:00,763,9999999,2,3.75,0,,
2023-03-15 19:47:00,764,9999999,2,3.75,0,,
2023-03-15 19:48:00,765,9999999,2,3.75,0,,
2023-03-15 19:49:00,766,9999999,2,3.74,0,,
2023-03-15 19:50:00,767,9999999,2,3.76,0,,
2023-03-15 19:51:00,768,9999999,2,3.75,0,,
2023-03-15 19:52:00,769,9999999,2,3.75,0,,
2023-03-15 19:53:00,770,9999999,2,3.75,0,,
2023-03-15 19:54:00,771,9999999,2,3.75,0,,
2023-03-15 19:55:00,772,9999999,2,3.75,0,,
2023-03-15 19:56:00,773,9999999,2,3.75,0,,
2023-03-15 19:57:00,774,9999999,2,3.76,0,,
2023-03-15 19:58:00,775,9999999,2,3.75,0,,
2023-03-15 19:59:00,776,9999999,2,3.74,0,,
2023-03-15 20:00:00,777,9999999,2,3.74,0,,
2023-03-15 20:01:00,778,9999999,2,3.75,0,,
2023-03-15 20:02:00,779,9999999,2,3.75,0,,
2023-03-15 20:03:00,780,9999999,2,3.75,0,,
2023-03-15 20:04:00,781,9999999,2,3.76,0,,
2023-03-15 20:05:00,782,9999999,2,3.75,0,,
2023-03-15 20:06:00,783,9999999,2,3.76,0,,
2023-03-15 20:07:00,784,9999999,2,3.75,0,,
2023-03-15 20:08:00,785,9999999,2,3.75,0,,
2023-03-15 20:09:00,786,9999999,2,3.75,0,,
2023-03-15 20:10:00,787,9999999,2,3.75,0,,
2023-03-15 20:11:00,788,9999999,2,3.76,0,,
2023-03-15 20:12:00,789,9999999,2,3.75,0,,
2023-03-15 20:13:00,790,9999999,2,3.75,0,,
2023-03-15 20:14:00,791,9999999,2,3.75,0,,
2023-03-15 20:15:00,792,9999999,2,3.75,0,,
2023-03-15 20:16:00,793,9999999,2,3.74,0,,
2023-03-15 20:17:00,794,9999999,2,3.75,0,,
2023-03-15 20:18:00,795,9999999,2,3.76,0,,
2023-03-15 20:19:00,796,9999999,2,3.75,0,,
2023-03-15 20:20:00,797,9999999,2,3.75,0,,
2023-03-15 20:21:00,798,9999999,2,3.74,0,,
2023-03-15 20:22:00,799,9999999,2,3.75,0,,
2023-03-15 20:23:00,800,9999999,2,3.75,0,,
2023-03-15 20:24:00,801,9999999,2,3.75,0,,
2023-03-15 20:25:00,802,9999999,2,3.76,0,,
2023-03-15 20:26:00,803,9999999,2,3.75,0,,
2023-03-15 20:27:00,804,9999999,2,3.75,0,,
2023-03-15 20:28:00,805,9999999,2,3.75,0,,
2023-03-15 20:29:00,806,9999999,2,3.75,0,,
2023-03-15 20:30:00,807,9999999,2,3.74,0,,
2023-03-15 20:31:00,808,9999999,2,3.76,0,,
2023-03-15 20:32:00,809,9999999,2,3.76,0,,
2023-03-15 20:33:00,810,9999999,2,3.75,0,,
2023-03-15 20:34:00,811,9999999,2,3.75,0,,
2023-03-15 20:35:00,812,9999999,2,3.76,0,,
2023-03-15 20:36:00,813,9999999,2,3.75,0,,
2023-03-15 20:37:00,814,9999999,2,3.75,0,,
2023-03-15 20:38:00,815,9999999,2,3.75,0,,
2023-03-15 20:39:00,816,9999999,2,3.76,0,,
2023-03-15 20:40:00,817,9999999,2,3.75,0,,
2023-03-15 20:41:00,818,9999999,2,3.76,0,,
2023-03-15 20:42:00,819,9999999,2,3.75,0,,
2023-03-15 20:43:00,820,9999999,2,3.75,0,,
2023-03-15 20:44:00,821,9999999,2,3.76,0,,
2023-03-15 20:45:00,822,9999999,2,3.75,0,,
2023-03-15 20:46:00,823,9999999,2,3.76,0,,
2023-03-15 20:47:00,824,9999999,2,3.75,0,,
2023-03-15 20:48:00,825,9999999,2,3.75,0,,
2023-03-15 20:49:00,826,9999999,2,3.75,0,,
2023-03-15 20:50:00,827,9999999,2,3.75,0,,
2023-03-15 20:51:00,828,9999999,2,3.74,0,,
2023-03-15 20:52:00,829,9999999,2,3.75,0,,
2023-03-15 20:53:00,830,9999999,2,3.75,0,,
2023-03-15 20:54:00,831,9999999,2,3.75,0,,
2023-03-15 20:55:00,832,9999999,2,3.75,0,,
2023-03-15 20:56:00,833,9999999,2,3.75,0,,
2023-03-15 20:57:00,834,9999999,2,3.75,0,,
2023-03-15 20:58:00,835,9999999,2,3.74,0,,
2023-03-15 20:59:00,836,9999999,2,3.74,0,,
2023-03-15 21:00:00,837,9999999,2,3.76,0,,
2023-03-15 21:01:00,838,9999999,2,3.75,0,,
2023-03-15 21:02:00,839,9999999,2,3.75,0,,
2023-03-15 21:03:00,840,9999999,2,3.75,0,,
2023-03-15 21:04:00,841,9999999,2,3.75,0,,
2023-03-15 21:05:00,842,9999999,2,3.74,0,,
2023-03-15 21:06:00,843,9999999,2,3.74,0,,
2023-03-15 21:07:00,844,9999999,2,3.76,0,,
2023-03-15 21:08:00,845,9999999,2,3.75,0,,
2023-03-15 21:09:00,846,9999999,2,3.75,0,,
2023-03-15 21:10:00,847,9999999,2,3.75,0,,
2023-03-15 21:11:00,848,9999999,2,3.75,0,,
2023-03-15 21:12:00,849,9999999,2,3.75,0,,
2023-03-15 21:13:00,850,9999999,2,3.75,0,,
2023-03-15 21:14:00,851,9999999,2,3.76,0,,
2023-03-15 21:15:00,852,9999999,2,3.75,0,,
2023-03-15 21:16:00,853,9999999,2,3.75,0,,
2023-03-15 21:17:00,854,9999999,2,3.75,0,,
2023-03-15 21:18:00,855,9999999,2,3.75,0,,
2023-03-15 21:19:00,856,9999999,2,3.75,0,,
2023-03-15 21:20:00,857,9999999,2,3.75,0,,
2023-03-15 21:21:00,858,9999999,2,3.76,0,,
2023-03-15 21:22:00,859,9999999,2,3.75,0,,
2023-03-15 21:23:00,860,9999999,2,3.75,0,,
2023-03-15 21:24:00,861,9999999,2,3.75,0,,
2023-03-15 21:25:00,862,9999999,2,3.75,0,,
2023-03-15 21:26:00,863,9999999,2,3.72,0,,
2023-03-15 21:27:00,864,9999999,2,3.75,0,,
2023-03-15 21:28:00,865,9999999,2,3.76,0,,
2023-03-15 21:29:00,866,9999999,2,3.75,0,,
2023-03-15 21:30:00,867,9999999,2,3.75,0,,
2023-03-15 21:31:00,868,9999999,2,3.75,0,,
2023-03-15 21:32:00,869,9999999,2,3.75,0,,
2023-03-15 21:33:00,870,9999999,2,3.75,0,,
2023-03-15 21:34:00,871,9999999,2,3.74,0,,
2023-03-15 21:35:00,872,9999999,2,3.74,0,,
2023-03-15 21:36:00,873,9999999,2,3.75,0,,
2023-03-15 21:37:00,874,9999999,2,3.75,0,,
2023-03-15 21:38:00,875,9999999,2,3.75,0,,
2023-03-15 21:39:00,876,9999999,2,3.74,0,,
2023-03-15 21:40:00,877,9999999,2,3.75,0,,
2023-03-15 21:41:00,878,9999999,2,3.74,0,,
2023-03-15 21:42:00,879,9999999,2,3.75,0,,
2023-03-16 10:55:00,881,-1.058,0,3.74,0,,
2023-03-16 10:56:00,882,-1.061,0,3.75,0,,
2023-03-16 10:57:00,883,-2.842,0,3.75,0,,
2023-03-16 11:00:00,884,-1.132,0,3.75,0,,
2023-03-16 11:50:00,886,-1.566,0,3.76,0,,
2023-03-16 12:00:00,887,-1.837,0,3.76,0,,
2023-03-16 12:10:00,888,-1.467,0,3.76,0,,
2023-03-16 12:20:00,889,-1.661,0,3.76,0,,
2023-03-16 12:30:00,890,9999999,2,3.76,0,,
2023-03-16 12:40:00,891,-2.319,0,3.76,0,,
2023-03-16 12:50:00,892,-2.815,0,3.76,0,,
2023-03-16 13:00:00,893,9999999,2,3.76,0,,
2023-03-16 13:10:00,894,9999999,2,3.76,0,,
2023-03-16 14:40:00,896,-2.851,0,3.76,0,,
2023-03-16 14:50:00,897,9999999,2,3.75,0,,
2023-03-16 15:00:00,898,9999999,2,3.75,0,,
2023-03-16 15:10:00,899,9999999,2,3.76,0,,
2023-03-16 15:20:00,900,-1.803,0,3.76,0,,
2023-03-16 15:30:00,901,9999999,2,3.76,0,,
2023-03-16 15:40:00,902,9999999,2,3.76,0,,
2023-03-16 15:50:00,903,9999999,2,3.76,0,,
2023-03-16 16:00:00,904,9999999,2,3.76,0,,
2023-03-16 16:10:00,905,9999999,2,3.76,0,,
2023-03-16 16:20:00,906,-0.895,0,3.76,0,,
2023-03-16 16:30:00,907,9999999,2,3.76,0,,
2023-03-16 16:40:00,908,-2.061,0,3.76,0,,
2023-03-16 16:50:00,909,9999999,2,3.76,0,,
2023-03-16 17:00:00,910,9999999,2,3.76,0,,
2023-03-16 17:10:00,911,-1.118,0,3.76,0,,
2023-03-16 19:10:00,913,-0.788,0,3.76,0,,
2023-03-16 19:20:00,914,-0.788,0,3.76,0,,
2023-03-16 20:00:00,915,-0.789,0,3.76,0,,
2023-03-16 20:10:00,916,-0.788,0,3.76,0,,
2023-03-16 20:20:00,917,-0.788,0,3.76,0,,
2023-03-16 20:30:00,918,-0.788,0,3.76,0,,
2023-03-16 20:40:00,919,-0.788,0,3.76,0,,
2023-03-16 21:10:00,920,-0.788,0,3.76,0,,
2023-03-16 21:20:00,921,-0.789,0,3.75,0,,
2023-03-16 21:30:00,922,-0.788,0,3.76,0,,
2023-03-16 21:40:00,923,-0.788,0,3.76,0,,
2023-03-16 21:50:00,924,-0.788,0,3.76,0,,
2023-03-16 22:30:00,925,-0.788,0,3.76,0,,
2023-03-16 22:40:00,926,-0.789,0,3.75,0,,
2023-03-16 23:20:00,927,-0.788,0,3.76,0,,
2023-03-16 23:30:00,928,-0.788,0,3.76,0,,
2023-03-16 23:50:00,929,-0.788,0,3.76,0,,
2023-03-17 00:00:00,930,-0.788,0,3.75,0,,
2023-03-17 00:10:00,931,-0.788,0,3.76,0,,
2023-03-17 00:20:00,932,-0.788,0,3.76,0,,
2023-03-17 00:30:00,933,-0.788,0,3.75,0,,
2023-03-17 01:00:00,934,-0.788,0,3.76,0,,
2023-03-17 01:10:00,935,-0.789,0,3.76,0,,
2023-03-17 01:20:00,936,-0.789,0,3.76,0,,
2023-03-17 01:50:00,937,-0.788,0,3.76,0,,
2023-03-17 02:00:00,938,-0.788,0,3.76,0,,
2023-03-17 02:10:00,939,-0.788,0,3.76,0,,
2023-03-17 02:40:00,940,-0.789,0,3.76,0,,
2023-03-17 02:50:00,941,-0.789,0,3.75,0,,
2023-03-17 03:00:00,942,-0.789,0,3.76,0,,
2023-03-17 03:10:00,943,-0.789,0,3.75,0,,
2023-03-17 03:30:00,944,-0.789,0,3.75,0,,
2023-03-17 03:40:00,945,-0.789,0,3.76,0,,
2023-03-17 04:20:00,946,-0.789,0,3.76,0,,
2023-03-17 04:30:00,947,-0.789,0,3.76,0,,
2023-03-17 04:40:00,948,-0.789,0,3.76,0,,
2023-03-17 04:50:00,949,-0.789,0,3.75,0,,
2023-03-17 05:30:00,950,-0.789,0,3.76,0,,
2023-03-17 05:40:00,951,-0.789,0,3.76,0,,
2023-03-17 05:50:00,952,-0.789,0,3.76,0,,
2023-03-17 06:00:00,953,-0.789,0,3.76,0,,
2023-03-17 06:10:00,954,-0.789,0,3.75,0,,
2023-03-17 06:40:00,955,-0.789,0,3.76,0,,
2023-03-17 06:50:00,956,-0.789,0,3.76,0,,
2023-03-17 07:00:00,957,-0.789,0,3.76,0,,
2023-03-17 07:10:00,958,-0.789,0,3.75,0,,
2023-03-17 07:30:00,959,-0.789,0,3.76,0,,
2023-03-17 07:40:00,960,-0.789,0,3.76,0,,
2023-03-17 07:50:00,961,-0.789,0,3.75,0,,
2023-03-17 08:00:00,962,-0.789,0,3.76,0,,
2023-03-17 08:10:00,963,-0.789,0,3.76,0,,
2023-03-17 08:40:00,964,-0.789,0,3.76,0,,
2023-03-17 08:50:00,965,-0.789,0,3.75,0,,
2023-03-17 09:00:00,966,-0.789,0,3.76,0,,
2023-03-17 09:10:00,967,-0.789,0,3.76,0,,
2023-03-17 09:20:00,968,-0.789,0,3.76,0,,
2023-03-17 09:30:00,969,-0.789,0,3.76,0,,
2023-03-17 09:40:00,970,-0.789,0,3.75,0,,
2023-03-17 11:10:00,972,-26.775,0,3.76,0,,
2023-03-17 11:20:00,973,9999999,2,3.76,0,,
2023-03-17 11:30:00,974,-1.106,0,3.75,0,,
2023-03-17 11:40:00,975,9999999,2,3.76,0,,
2023-03-17 12:10:00,976,9999999,2,3.76,0,,
2023-03-17 12:20:00,977,9999999,2,3.76,0,,
2023-03-17 12:30:00,978,9999999,2,3.76,0,,
2023-03-17 12:40:00,979,9999999,2,3.76,0,,
2023-03-17 12:50:00,980,-0.947,0,3.76,0,,
2023-03-17 13:30:00,981,9999999,8,3.76,0,,
2023-03-17 13:40:00,982,-0.819,0,3.75,0,,
2023-03-17 14:40:00,984,-1.073,0,3.76,0,,
2023-03-17 16:20:00,988,-1.716,0,3.76,0,,
2023-03-17 16:24:00,989,-1.019,0,3.76,0,,
2023-03-17 16:25:00,990,-1.019,0,3.76,0,,
2023-03-17 16:26:00,991,-1.019,0,3.76,0,,
2023-03-17 16:27:00,992,-1.023,0,3.75,0,,
2023-03-17 16:28:00,993,-1.024,0,3.76,0,,
2023-03-17 16:33:00,997,-1.024,0,3.57,0,,
2023-03-17 16:34:00,998,-1.026,0,3.58,0,,
2023-03-17 16:35:00,999,-1.04,0,3.57,0,,
2023-03-17 16:36:00,1000,-1.038,0,3.56,0,,
2023-03-17 16:37:00,1001,-1.04,0,3.55,0,,
2023-03-17 16:38:00,1002,-1.038,0,3.75,0,,
2023-03-17 16:39:00,1003,9999999,2,3.76,0,,
2023-03-17 16:40:00,1004,9999999,2,3.76,0,,
2023-03-17 16:41:00,1005,9999999,2,3.76,0,,
2023-03-17 16:42:00,1006,9999999,2,3.76,0,,
2023-03-17 16:43:00,1007,9999999,2,3.76,0,,
2023-03-17 16:44:00,1008,9999999,2,3.76,0,,
2023-03-17 16:45:00,1009,9999999,2,3.76,0,,
2023-03-17 16:46:00,1010,-1.045,0,3.76,0,,
2023-03-17 16:47:00,1011,-1.045,0,3.76,0,,
2023-03-17 16:48:00,1012,-1.046,0,3.76,0,,
2023-03-17 16:49:00,1013,9999999,2,3.76,0,,
2023-03-17 16:50:00,1014,9999999,2,3.76,0,,
2023-03-17 16:51:00,1015,9999999,2,3.76,0,,
2023-03-17 16:52:00,1016,-1.689,0,3.76,0,,
2023-03-17 16:53:00,1017,-1.141,0,3.76,0,,
2023-03-17 16:54:00,1018,-1.682,0,3.76,0,,
2023-03-17 16:55:00,1019,-1.695,0,3.76,0,,
2023-03-17 16:56:00,1020,-1.697,0,3.76,0,,
2023-03-17 16:57:00,1021,-1.695,0,3.76,0,,
2023-03-17 16:58:00,1022,-1.696,0,3.76,0,,
2023-03-17 16:59:00,1023,-1.694,0,3.76,0,,
2023-03-17 17:00:00,1024,-1,0,3.76,0,,
2023-03-17 17:01:00,1025,-1.06,0,3.76,0,,
2023-03-17 17:02:00,1026,-1.059,0,3.76,0,,
2023-03-17 17:03:00,1027,-1.059,0,3.76,0,,
2023-03-17 17:04:00,1028,-1.059,0,3.76,0,,
2023-03-17 17:05:00,1029,-1.058,0,3.76,0,,
2023-03-17 17:06:00,1030,-1.058,0,3.76,0,,
2023-03-17 17:07:00,1031,9999999,2,3.76,0,,
2023-03-17 17:08:00,1032,-0.926,0,3.76,0,,
2023-03-17 17:09:00,1033,-0.923,0,3.76,0,,
2023-03-17 17:10:00,1034,-0.921,0,3.76,0,,
2023-03-17 17:11:00,1035,-0.914,0,3.76,0,,
2023-03-17 17:12:00,1036,-0.912,0,3.76,0,,
2023-03-17 17:13:00,1037,-0.912,0,3.76,0,,
2023-03-17 17:14:00,1038,-0.912,0,3.76,0,,
2023-03-17 17:15:00,1039,-0.912,0,3.76,0,,
2023-03-17 17:16:00,1040,-0.913,0,3.76,0,,
2023-03-17 17:17:00,1041,-0.91,0,3.76,0,,
2023-03-17 17:18:00,1042,-0.914,0,3.76,0,,
2023-03-17 17:19:00,1043,-0.916,0,3.76,0,,
2023-03-17 17:20:00,1044,-0.916,0,3.76,0,,
2023-03-17 17:21:00,1045,-0.916,0,3.76,0,,
2023-03-17 17:22:00,1046,-0.916,0,3.76,0,,
2023-03-17 17:23:00,1047,-0.916,0,3.76,0,,
2023-03-17 17:24:00,1048,-0.916,0,3.76,0,,
2023-03-17 17:25:00,1049,-0.869,0,3.76,0,,
2023-03-17 17:26:00,1050,-0.869,0,3.76,0,,
2023-03-17 17:27:00,1051,-0.868,0,3.76,0,,
2023-03-17 17:28:00,1052,-0.868,0,3.76,0,,
2023-03-17 17:29:00,1053,-0.868,0,3.76,0,,
2023-03-17 17:30:00,1054,-0.868,0,3.76,0,,
2023-03-17 17:31:00,1055,-0.868,0,3.76,0,,
2023-03-17 17:32:00,1056,-0.868,0,3.76,0,,
2023-03-17 17:33:00,1057,-0.87,0,3.76,0,,
2023-03-17 17:34:00,1058,-0.87,0,3.76,0,,
2023-03-17 17:35:00,1059,-0.87,0,3.76,0,,
2023-03-17 17:36:00,1060,-0.869,0,3.76,0,,
2023-03-17 17:37:00,1061,-0.869,0,3.76,0,,
2023-03-17 17:38:00,1062,-0.869,0,3.76,0,,
2023-03-17 17:39:00,1063,-0.87,0,3.76,0,,
2023-03-17 17:40:00,1064,-0.87,0,3.76,0,,
2023-03-17 17:41:00,1065,-0.87,0,3.76,0,,
2023-03-17 17:42:00,1066,-0.87,0,3.76,0,,
2023-03-17 17:43:00,1067,-0.87,0,3.76,0,,
2023-03-17 17:44:00,1068,-0.87,0,3.76,0,,
2023-03-17 17:45:00,1069,-0.87,0,3.76,0,,
2023-03-17 17:46:00,1070,-0.87,0,3.76,0,,
2023-03-17 17:47:00,1071,-0.87,0,3.76,0,,
2023-03-17 17:48:00,1072,-0.87,0,3.76,0,,
2023-03-17 17:49:00,1073,-0.871,0,3.76,0,,
2023-03-17 17:50:00,1074,-0.871,0,3.76,0,,
2023-03-17 17:51:00,1075,-0.871,0,3.76,0,,
2023-03-17 17:52:00,1076,-0.855,0,3.76,0,,
2023-03-17 17:53:00,1077,-0.855,0,3.76,0,,
2023-03-17 17:54:00,1078,-0.855,0,3.76,0,,
2023-03-17 17:55:00,1079,-0.854,0,3.76,0,,
2023-03-17 17:56:00,1080,-0.854,0,3.76,0,,
2023-03-17 17:57:00,1081,9999999,2,3.76,0,,
2023-03-17 17:58:00,1082,-2.261,0,3.76,0,,
2023-03-17 17:59:00,1083,-2.294,0,3.76,0,,
2023-03-17 18:00:00,1084,-2.309,0,3.76,0,,
2023-03-17 18:01:00,1085,-2.325,0,3.76,0,,
2023-03-17 18:02:00,1086,-2.331,0,3.76,0,,
2023-03-17 18:03:00,1087,-2.34,0,3.76,0,,
2023-03-17 18:04:00,1088,-2.348,0,3.76,0,,
2023-03-17 18:05:00,1089,-2.354,0,3.76,0,,
2023-03-17 18:06:00,1090,-2.353,0,3.76,0,,
2023-03-17 18:07:00,1091,-2.355,0,3.76,0,,
2023-03-17 18:08:00,1092,-2.354,0,3.76,0,,
2023-03-17 18:09:00,1093,-2.357,0,3.76,0,,
2023-03-17 18:10:00,1094,-2.354,0,3.76,0,,
2023-03-17 18:11:00,1095,-2.357,0,3.76,0,,
2023-03-17 18:12:00,1096,-2.353,0,3.76,0,,
2023-03-17 18:13:00,1097,-2.357,0,3.76,0,,
2023-03-17 18:14:00,1098,-2.353,0,3.76,0,,
2023-03-17 18:15:00,1099,-2.356,0,3.76,0,,
2023-03-17 18:16:00,1100,-2.353,0,3.76,0,,
2023-03-17 18:17:00,1101,-2.356,0,3.76,0,,
2023-03-17 18:18:00,1102,-2.354,0,3.76,0,,
2023-03-17 18:19:00,1103,-2.356,0,3.76,0,,
2023-03-17 18:20:00,1104,-2.353,0,3.76,0,,
2023-03-17 18:21:00,1105,-2.356,0,3.76,0,,
2023-03-17 18:22:00,1106,-2.354,0,3.76,0,,
2023-03-17 18:23:00,1107,-2.36,0,3.76,0,,
2023-03-17 18:24:00,1108,-2.351,0,3.76,0,,
2023-03-17 18:25:00,1109,-2.351,0,3.76,0,,
2023-03-17 18:26:00,1110,-2.346,0,3.76,0,,
2023-03-17 18:27:00,1111,-2.348,0,3.76,0,,
2023-03-17 18:28:00,1112,-2.346,0,3.76,0,,
2023-03-17 18:29:00,1113,-2.345,0,3.76,0,,
2023-03-17 18:30:00,1114,-2.344,0,3.76,0,,
2023-03-17 18:31:00,1115,-2.346,0,3.76,0,,
2023-03-17 18:32:00,1116,-2.349,0,3.76,0,,
2023-03-17 18:33:00,1117,-2.347,0,3.76,0,,
2023-03-17 18:34:00,1118,-2.35,0,3.76,0,,
2023-03-17 18:35:00,1119,-2.348,0,3.76,0,,
2023-03-17 18:36:00,1120,-2.349,0,3.76,0,,
2023-03-17 18:37:00,1121,-2.354,0,3.76,0,,
2023-03-17 18:38:00,1122,-2.358,0,3.76,0,,
2023-03-17 18:39:00,1123,-2.355,0,3.76,0,,
2023-03-17 18:40:00,1124,-2.357,0,3.76,0,,
2023-03-17 18:41:00,1125,-2.354,0,3.76,0,,
2023-03-17 18:42:00,1126,-2.357,0,3.76,0,,
2023-03-17 18:43:00,1127,-2.353,0,3.76,0,,
2023-03-17 18:44:00,1128,-2.357,0,3.76,0,,
2023-03-17 18:45:00,1129,-2.361,0,3.76,0,,
2023-03-17 18:46:00,1130,-2.356,0,3.76,0,,
2023-03-17 18:47:00,1131,-2.357,0,3.76,0,,
2023-03-17 18:48:00,1132,-2.361,0,3.76,0,,
2023-03-17 18:49:00,1133,-2.357,0,3.76,0,,
2023-03-17 18:50:00,1134,-2.361,0,3.76,0,,
2023-03-17 18:51:00,1135,-2.357,0,3.76,0,,
2023-03-17 18:52:00,1136,-2.359,0,3.76,0,,
2023-03-17 18:53:00,1137,-2.357,0,3.76,0,,
2023-03-17 18:54:00,1138,-2.364,0,3.76,0,,
2023-03-17 18:55:00,1139,-2.356,0,3.76,0,,
2023-03-17 18:56:00,1140,-2.357,0,3.76,0,,
2023-03-17 18:57:00,1141,-2.358,0,3.76,0,,
2023-03-17 18:58:00,1142,-2.362,0,3.76,0,,
2023-03-17 18:59:00,1143,-2.358,0,3.76,0,,
2023-03-17 19:00:00,1144,-2.365,0,3.76,0,,
2023-03-17 19:01:00,1145,-2.364,0,3.76,0,,
2023-03-17 19:02:00,1146,-2.365,0,3.76,0,,
2023-03-17 19:03:00,1147,-2.361,0,3.76,0,,
2023-03-17 19:04:00,1148,-2.365,0,3.76,0,,
2023-03-17 19:05:00,1149,-2.364,0,3.76,0,,
2023-03-17 19:06:00,1150,-2.367,0,3.76,0,,
2023-03-17 19:07:00,1151,-2.364,0,3.76,0,,
2023-03-17 19:08:00,1152,-2.368,0,3.76,0,,
2023-03-17 19:09:00,1153,-2.365,0,3.76,0,,
2023-03-17 19:10:00,1154,-2.368,0,3.76,0,,
2023-03-17 19:11:00,1155,-2.364,0,3.76,0,,
2023-03-17 19:12:00,1156,-2.365,0,3.76,0,,
2023-03-17 19:13:00,1157,-2.362,0,3.76,0,,
2023-03-17 19:14:00,1158,-2.366,0,3.76,0,,
2023-03-17 19:15:00,1159,-2.361,0,3.76,0,,
2023-03-17 19:16:00,1160,-2.364,0,3.76,0,,
2023-03-17 19:17:00,1161,-2.362,0,3.76,0,,
2023-03-17 19:18:00,1162,-2.364,0,3.76,0,,
2023-03-17 19:19:00,1163,-2.362,0,3.76,0,,
2023-03-17 19:20:00,1164,-2.364,0,3.76,0,,
2023-03-17 19:21:00,1165,-2.362,0,3.76,0,,
2023-03-17 19:22:00,1166,-2.365,0,3.76,0,,
2023-03-17 19:23:00,1167,-2.362,0,3.76,0,,
2023-03-17 19:24:00,1168,-2.365,0,3.76,0,,
2023-03-17 19:25:00,1169,-2.362,0,3.76,0,,
2023-03-17 19:26:00,1170,-2.365,0,3.76,0,,
2023-03-17 19:27:00,1171,-2.363,0,3.76,0,,
2023-03-17 19:28:00,1172,-2.365,0,3.76,0,,
2023-03-17 19:29:00,1173,-2.363,0,3.76,0,,
2023-03-17 19:30:00,1174,-2.365,0,3.76,0,,
2023-03-17 19:31:00,1175,-2.363,0,3.76,0,,
2023-03-17 19:32:00,1176,-2.366,0,3.76,0,,
2023-03-17 19:33:00,1177,-2.362,0,3.76,0,,
2023-03-17 19:34:00,1178,-2.365,0,3.76,0,,
2023-03-17 19:35:00,1179,-2.362,0,3.76,0,,
2023-03-17 19:36:00,1180,-2.364,0,3.76,0,,
2023-03-17 19:37:00,1181,-2.362,0,3.76,0,,
2023-03-17 19:38:00,1182,-2.364,0,3.76,0,,
2023-03-17 19:39:00,1183,-2.362,0,3.76,0,,
2023-03-17 19:40:00,1184,-2.364,0,3.76,0,,
2023-03-17 19:41:00,1185,-2.361,0,3.76,0,,
2023-03-17 19:42:00,1186,-2.364,0,3.76,0,,
2023-03-17 19:43:00,1187,-2.362,0,3.76,0,,
2023-03-17 19:44:00,1188,-2.364,0,3.76,0,,
2023-03-17 19:45:00,1189,-2.362,0,3.76,0,,
2023-03-17 19:46:00,1190,-2.364,0,3.76,0,,
2023-03-17 19:47:00,1191,-2.362,0,3.76,0,,
2023-03-17 19:48:00,1192,-2.365,0,3.76,0,,
2023-03-17 19:49:00,1193,-2.362,0,3.76,0,,
2023-03-17 19:50:00,1194,-2.366,0,3.76,0,,
2023-03-17 19:51:00,1195,-2.361,0,3.76,0,,
2023-03-17 19:52:00,1196,-2.363,0,3.76,0,,
2023-03-17 19:53:00,1197,-2.362,0,3.76,0,,
2023-03-17 19:54:00,1198,-2.365,0,3.76,0,,
2023-03-17 19:55:00,1199,-2.362,0,3.76,0,,
2023-03-17 19:56:00,1200,-2.364,0,3.76,0,,
2023-03-17 19:57:00,1201,-2.361,0,3.76,0,,
2023-03-17 19:58:00,1202,-2.365,0,3.76,0,,
2023-03-17 19:59:00,1203,-2.363,0,3.76,0,,
2023-03-17 20:00:00,1204,-2.365,0,3.76,0,,
2023-03-17 20:01:00,1205,-2.362,0,3.76,0,,
2023-03-17 20:02:00,1206,-2.365,0,3.76,0,,
2023-03-17 20:03:00,1207,-2.362,0,3.76,0,,
2023-03-17 20:04:00,1208,-2.365,0,3.76,0,,
2023-03-17 20:05:00,1209,-2.362,0,3.76,0,,
2023-03-17 20:06:00,1210,-2.364,0,3.76,0,,
2023-03-17 20:07:00,1211,-2.363,0,3.76,0,,
2023-03-17 20:08:00,1212,-2.365,0,3.76,0,,
2023-03-17 20:09:00,1213,-2.362,0,3.76,0,,
2023-03-17 20:10:00,1214,-2.365,0,3.76,0,,
2023-03-17 20:11:00,1215,-2.362,0,3.76,0,,
2023-03-17 20:12:00,1216,-2.364,0,3.76,0,,
2023-03-17 20:13:00,1217,-2.361,0,3.76,0,,
2023-03-17 20:14:00,1218,-2.364,0,3.76,0,,
2023-03-17 20:15:00,1219,-2.362,0,3.76,0,,
2023-03-17 20:16:00,1220,-2.363,0,3.76,0,,
2023-03-17 20:17:00,1221,-2.362,0,3.76,0,,
2023-03-17 20:18:00,1222,-2.364,0,3.76,0,,
2023-03-17 20:19:00,1223,-2.361,0,3.76,0,,
2023-03-17 20:20:00,1224,-2.365,0,3.76,0,,
2023-03-17 20:21:00,1225,-2.363,0,3.76,0,,
2023-03-17 20:22:00,1226,-2.365,0,3.76,0,,
2023-03-17 20:23:00,1227,-2.362,0,3.76,0,,
2023-03-17 20:24:00,1228,-2.364,0,3.76,0,,
2023-03-17 20:25:00,1229,-2.362,0,3.76,0,,
2023-03-17 20:26:00,1230,-2.364,0,3.76,0,,
2023-03-17 20:27:00,1231,-2.363,0,3.76,0,,
2023-03-17 20:28:00,1232,-2.364,0,3.76,0,,
2023-03-17 20:29:00,1233,-2.361,0,3.76,0,,
2023-03-17 20:30:00,1234,-2.365,0,3.76,0,,
2023-03-17 20:31:00,1235,-2.362,0,3.76,0,,
2023-03-17 20:32:00,1236,-2.365,0,3.76,0,,
2023-03-17 20:33:00,1237,-2.363,0,3.76,0,,
2023-03-17 20:34:00,1238,-2.366,0,3.76,0,,
2023-03-17 20:35:00,1239,-2.362,0,3.76,0,,
2023-03-17 20:36:00,1240,-2.365,0,3.76,0,,
2023-03-17 20:37:00,1241,-2.363,0,3.76,0,,
2023-03-17 20:38:00,1242,-2.365,0,3.76,0,,
2023-03-17 20:39:00,1243,-2.362,0,3.76,0,,
2023-03-17 20:40:00,1244,-2.365,0,3.76,0,,
2023-03-17 20:41:00,1245,-2.363,0,3.76,0,,
2023-03-17 20:42:00,1246,-2.365,0,3.76,0,,
2023-03-17 20:43:00,1247,-2.362,0,3.76,0,,
2023-03-17 20:44:00,1248,-2.364,0,3.76,0,,
2023-03-17 20:45:00,1249,-2.363,0,3.76,0,,
2023-03-17 20:46:00,1250,-2.365,0,3.76,0,,
2023-03-17 20:47:00,1251,-2.362,0,3.76,0,,
2023-03-17 20:48:00,1252,-2.365,0,3.76,0,,
2023-03-17 20:49:00,1253,-2.362,0,3.76,0,,
2023-03-17 20:50:00,1254,-2.364,0,3.76,0,,
2023-03-17 20:51:00,1255,-2.362,0,3.76,0,,
2023-03-17 20:52:00,1256,-2.364,0,3.76,0,,
2023-03-17 20:53:00,1257,-2.362,0,3.76,0,,
2023-03-17 20:54:00,1258,-2.364,0,3.76,0,,
2023-03-17 20:55:00,1259,-2.362,0,3.76,0,,
2023-03-17 20:56:00,1260,-2.363,0,3.76,0,,
2023-03-17 20:57:00,1261,-2.362,0,3.76,0,,
2023-03-17 20:58:00,1262,-2.365,0,3.76,0,,
2023-03-17 20:59:00,1263,-2.362,0,3.76,0,,
2023-03-17 21:00:00,1264,-2.365,0,3.76,0,,
2023-03-17 21:01:00,1265,nan,nan,3.76,0,,
2023-03-17 21:02:00,1266,-2.362,0,3.76,0,,
2023-03-17 21:03:00,1267,-2.365,0,3.76,0,,
2023-03-17 21:04:00,1268,-2.362,0,3.76,0,,
2023-03-17 21:05:00,1269,-2.365,0,3.76,0,,
2023-03-17 21:06:00,1270,-2.362,0,3.76,0,,
2023-03-17 21:07:00,1271,-2.365,0,3.76,0,,
2023-03-17 21:08:00,1272,-2.362,0,3.76,0,,
2023-03-17 21:09:00,1273,-2.365,0,3.76,0,,
2023-03-17 21:10:00,1274,-2.361,0,3.76,0,,
2023-03-17 21:11:00,1275,-2.365,0,3.76,0,,
2023-03-17 21:12:00,1276,-2.362,0,3.76,0,,
2023-03-17 21:13:00,1277,-2.364,0,3.76,0,,
2023-03-17 21:14:00,1278,-2.362,0,3.76,0,,
2023-03-17 21:15:00,1279,-2.365,0,3.76,0,,
2023-03-17 21:16:00,1280,-2.362,0,3.76,0,,
2023-03-17 21:17:00,1281,-2.365,0,3.76,0,,
2023-03-17 21:18:00,1282,-2.363,0,3.76,0,,
2023-03-17 21:19:00,1283,-2.366,0,3.76,0,,
2023-03-17 21:20:00,1284,-2.362,0,3.76,0,,
2023-03-17 21:21:00,1285,-2.365,0,3.76,0,,
2023-03-17 21:22:00,1286,-2.363,0,3.76,0,,
2023-03-17 21:23:00,1287,-2.365,0,3.76,0,,
2023-03-17 21:24:00,1288,-2.363,0,3.76,0,,
2023-03-17 21:25:00,1289,-2.365,0,3.76,0,,
2023-03-17 21:26:00,1290,-2.363,0,3.76,0,,
2023-03-17 21:27:00,1291,-2.366,0,3.76,0,,
2023-03-17 21:28:00,1292,-2.363,0,3.76,0,,
2023-03-17 21:29:00,1293,-2.365,0,3.76,0,,
2023-03-17 21:30:00,1294,-2.363,0,3.76,0,,
2023-03-17 21:31:00,1295,-2.366,0,3.76,0,,
2023-03-17 21:32:00,1296,nan,nan,3.76,0,,
2023-03-17 21:33:00,1297,-2.362,0,3.76,0,,
2023-03-17 21:34:00,1298,-2.365,0,3.76,0,,
2023-03-17 21:35:00,1299,-2.362,0,3.76,0,,
2023-03-17 21:36:00,1300,-2.365,0,3.76,0,,
2023-03-17 21:37:00,1301,-2.362,0,3.76,0,,
2023-03-17 21:38:00,1302,-2.365,0,3.76,0,,
2023-03-17 21:39:00,1303,-2.362,0,3.76,0,,
2023-03-17 21:40:00,1304,-2.364,0,3.76,0,,
2023-03-17 21:41:00,1305,-2.362,0,3.76,0,,
2023-03-17 21:42:00,1306,-2.365,0,3.76,0,,
2023-03-17 21:43:00,1307,-2.363,0,3.76,0,,
2023-03-17 21:44:00,1308,-2.365,0,3.76,0,,
2023-03-17 21:45:00,1309,-2.363,0,3.76,0,,
2023-03-17 21:46:00,1310,-2.365,0,3.76,0,,
2023-03-17 21:47:00,1311,-2.362,0,3.76,0,,
2023-03-17 21:48:00,1312,-2.365,0,3.76,0,,
2023-03-17 21:49:00,1313,-2.362,0,3.76,0,,
2023-03-17 21:50:00,1314,-2.364,0,3.76,0,,
2023-03-17 21:51:00,1315,-2.363,0,3.76,0,,
2023-03-17 21:52:00,1316,-2.365,0,3.76,0,,
2023-03-17 21:53:00,1317,-2.362,0,3.76,0,,
2023-03-17 21:54:00,1318,-2.364,0,3.76,0,,
2023-03-17 21:55:00,1319,-2.362,0,3.76,0,,
2023-03-17 21:56:00,1320,-2.364,0,3.76,0,,
2023-03-17 21:57:00,1321,-2.362,0,3.76,0,,
2023-03-17 21:58:00,1322,-2.365,0,3.76,0,,
2023-03-17 21:59:00,1323,-2.362,0,3.76,0,,
2023-03-17 22:00:00,1324,-2.365,0,3.76,0,,
2023-03-17 22:01:00,1325,-2.362,0,3.76,0,,
2023-03-17 22:02:00,1326,-2.364,0,3.76,0,,
2023-03-17 22:03:00,1327,-2.361,0,3.76,0,,
2023-03-17 22:04:00,1328,-2.365,0,3.76,0,,
2023-03-17 22:05:00,1329,-2.362,0,3.76,0,,
2023-03-17 22:06:00,1330,-2.364,0,3.76,0,,
2023-03-17 22:07:00,1331,-2.361,0,3.76,0,,
2023-03-17 22:08:00,1332,-2.364,0,3.76,0,,
2023-03-17 22:09:00,1333,-2.362,0,3.76,0,,
2023-03-17 22:10:00,1334,-2.365,0,3.76,0,,
2023-03-17 22:11:00,1335,-2.362,0,3.76,0,,
2023-03-17 22:12:00,1336,-2.365,0,3.76,0,,
2023-03-17 22:13:00,1337,-2.362,0,3.76,0,,
2023-03-17 22:14:00,1338,-2.364,0,3.76,0,,
2023-03-17 22:15:00,1339,-2.362,0,3.76,0,,
2023-03-17 22:16:00,1340,-2.365,0,3.76,0,,
2023-03-17 22:17:00,1341,-2.362,0,3.76,0,,
2023-03-17 22:18:00,1342,-2.365,0,3.76,0,,
2023-03-17 22:19:00,1343,-2.362,0,3.76,0,,
2023-03-17 22:20:00,1344,-2.364,0,3.76,0,,
2023-03-17 22:21:00,1345,-2.361,0,3.76,0,,
2023-03-17 22:22:00,1346,-2.365,0,3.76,0,,
2023-03-17 22:23:00,1347,-2.361,0,3.76,0,,
2023-03-17 22:24:00,1348,-2.364,0,3.76,0,,
2023-03-17 22:25:00,1349,-2.361,0,3.76,0,,
2023-03-17 22:26:00,1350,-2.365,0,3.76,0,,
2023-03-17 22:27:00,1351,-2.362,0,3.76,0,,
2023-03-17 22:28:00,1352,-2.365,0,3.76,0,,
2023-03-17 22:29:00,1353,-2.362,0,3.76,0,,
2023-03-17 22:30:00,1354,-2.364,0,3.76,0,,
2023-03-17 22:31:00,1355,-2.361,0,3.76,0,,
2023-03-17 22:32:00,1356,-2.365,0,3.76,0,,
2023-03-17 22:33:00,1357,-2.362,0,3.76,0,,
2023-03-17 22:34:00,1358,-2.365,0,3.76,0,,
2023-03-17 22:35:00,1359,-2.362,0,3.76,0,,
2023-03-17 22:36:00,1360,-2.364,0,3.76,0,,
2023-03-17 22:37:00,1361,-2.362,0,3.76,0,,
2023-03-17 22:38:00,1362,-2.364,0,3.76,0,,
2023-03-17 22:39:00,1363,-2.361,0,3.76,0,,
2023-03-17 22:40:00,1364,-2.365,0,3.76,0,,
2023-03-17 22:41:00,1365,-2.361,0,3.76,0,,
2023-03-17 22:42:00,1366,-2.364,0,3.76,0,,
2023-03-17 22:43:00,1367,-2.362,0,3.76,0,,
2023-03-17 22:44:00,1368,-2.365,0,3.76,0,,
2023-03-17 22:45:00,1369,-2.362,0,3.76,0,,
2023-03-17 22:46:00,1370,-2.365,0,3.76,0,,
2023-03-17 22:47:00,1371,-2.362,0,3.76,0,,
2023-03-17 22:48:00,1372,-2.364,0,3.76,0,,
2023-03-17 22:49:00,1373,-2.362,0,3.76,0,,
2023-03-17 22:50:00,1374,-2.364,0,3.76,0,,
2023-03-17 22:51:00,1375,-2.362,0,3.76,0,,
2023-03-17 22:52:00,1376,-2.366,0,3.76,0,,
2023-03-17 22:53:00,1377,-2.362,0,3.76,0,,
2023-03-17 22:54:00,1378,-2.365,0,3.76,0,,
2023-03-17 22:55:00,1379,-2.361,0,3.76,0,,
2023-03-17 22:56:00,1380,-2.364,0,3.76,0,,
2023-03-17 22:57:00,1381,-2.361,0,3.76,0,,
2023-03-17 22:58:00,1382,-2.364,0,3.76,0,,
2023-03-17 22:59:00,1383,-2.362,0,3.76,0,,
2023-03-17 23:00:00,1384,-2.364,0,3.76,0,,
2023-03-17 23:01:00,1385,-2.361,0,3.76,0,,
2023-03-17 23:02:00,1386,-2.363,0,3.76,0,,
2023-03-17 23:03:00,1387,-2.361,0,3.76,0,,
2023-03-17 23:04:00,1388,-2.364,0,3.76,0,,
2023-03-17 23:05:00,1389,-2.362,0,3.76,0,,
2023-03-17 23:06:00,1390,-2.364,0,3.76,0,,
2023-03-17 23:07:00,1391,-2.361,0,3.76,0,,
2023-03-17 23:08:00,1392,-2.365,0,3.76,0,,
2023-03-17 23:09:00,1393,-2.362,0,3.76,0,,
2023-03-17 23:10:00,1394,-2.365,0,3.76,0,,
2023-03-17 23:11:00,1395,-2.362,0,3.76,0,,
2023-03-17 23:12:00,1396,-2.366,0,3.76,0,,
2023-03-17 23:13:00,1397,-2.363,0,3.76,0,,
2023-03-17 23:14:00,1398,-2.365,0,3.76,0,,
2023-03-17 23:15:00,1399,-2.363,0,3.76,0,,
2023-03-17 23:16:00,1400,-2.366,0,3.76,0,,
2023-03-17 23:17:00,1401,-2.362,0,3.76,0,,
2023-03-17 23:18:00,1402,-2.366,0,3.76,0,,
2023-03-17 23:19:00,1403,-2.363,0,3.76,0,,
2023-03-17 23:20:00,1404,-2.365,0,3.76,0,,
2023-03-17 23:21:00,1405,-2.362,0,3.76,0,,
2023-03-17 23:22:00,1406,-2.366,0,3.76,0,,
2023-03-17 23:23:00,1407,-2.362,0,3.76,0,,
2023-03-17 23:24:00,1408,-2.366,0,3.76,0,,
2023-03-17 23:25:00,1409,-2.363,0,3.76,0,,
2023-03-17 23:26:00,1410,-2.365,0,3.76,0,,
2023-03-17 23:27:00,1411,-2.362,0,3.76,0,,
2023-03-17 23:28:00,1412,-2.365,0,3.76,0,,
2023-03-17 23:29:00,1413,-2.363,0,3.76,0,,
2023-03-17 23:30:00,1414,-2.365,0,3.76,0,,
2023-03-17 23:31:00,1415,-2.363,0,3.76,0,,
2023-03-17 23:32:00,1416,-2.364,0,3.76,0,,
2023-03-17 23:33:00,1417,-2.362,0,3.76,0,,
2023-03-17 23:34:00,1418,-2.365,0,3.76,0,,
2023-03-17 23:35:00,1419,-2.362,0,3.76,0,,
2023-03-17 23:36:00,1420,-2.366,0,3.76,0,,
2023-03-17 23:37:00,1421,-2.363,0,3.76,0,,
2023-03-17 23:38:00,1422,-2.365,0,3.76,0,,
2023-03-17 23:39:00,1423,-2.362,0,3.76,0,,
2023-03-17 23:40:00,1424,-2.366,0,3.76,0,,
2023-03-17 23:41:00,1425,-2.362,0,3.76,0,,
2023-03-17 23:42:00,1426,-2.367,0,3.76,0,,
2023-03-17 23:43:00,1427,-2.362,0,3.76,0,,
2023-03-17 23:44:00,1428,-2.366,0,3.76,0,,
2023-03-17 23:45:00,1429,-2.362,0,3.76,0,,
2023-03-17 23:46:00,1430,-2.365,0,3.76,0,,
2023-03-17 23:47:00,1431,-2.361,0,3.76,0,,
2023-03-17 23:48:00,1432,-2.365,0,3.76,0,,
2023-03-17 23:49:00,1433,-2.362,0,3.76,0,,
2023-03-17 23:50:00,1434,-2.364,0,3.76,0,,
2023-03-17 23:51:00,1435,-2.363,0,3.76,0,,
2023-03-17 23:52:00,1436,-2.365,0,3.76,0,,
2023-03-17 23:53:00,1437,-2.362,0,3.76,0,,
2023-03-17 23:54:00,1438,-2.365,0,3.76,0,,
2023-03-17 23:55:00,1439,-2.363,0,3.76,0,,
2023-03-17 23:56:00,1440,-2.365,0,3.76,0,,
2023-03-17 23:57:00,1441,-2.363,0,3.76,0,,
2023-03-17 23:58:00,1442,-2.366,0,3.76,0,,
2023-03-17 23:59:00,1443,-2.362,0,3.76,0,,
2023-03-18 00:00:00,1444,-2.366,0,3.76,0,,
2023-03-18 00:01:00,1445,-2.363,0,3.76,0,,
2023-03-18 00:02:00,1446,-2.365,0,3.76,0,,
2023-03-18 00:03:00,1447,-2.362,0,3.76,0,,
2023-03-18 00:04:00,1448,-2.365,0,3.76,0,,
2023-03-18 00:05:00,1449,-2.362,0,3.76,0,,
2023-03-18 00:06:00,1450,-2.366,0,3.76,0,,
2023-03-18 00:07:00,1451,-2.361,0,3.76,0,,
2023-03-18 00:08:00,1452,-2.364,0,3.76,0,,
2023-03-18 00:09:00,1453,-2.362,0,3.76,0,,
2023-03-18 00:10:00,1454,-2.365,0,3.76,0,,
2023-03-18 00:11:00,1455,-2.362,0,3.76,0,,
2023-03-18 00:12:00,1456,-2.364,0,3.76,0,,
2023-03-18 00:13:00,1457,-2.363,0,3.76,0,,
2023-03-18 00:14:00,1458,-2.365,0,3.76,0,,
2023-03-18 00:15:00,1459,-2.362,0,3.76,0,,
2023-03-18 00:16:00,1460,-2.365,0,3.76,0,,
2023-03-18 00:17:00,1461,-2.363,0,3.76,0,,
2023-03-18 00:18:00,1462,-2.365,0,3.76,0,,
2023-03-18 00:19:00,1463,-2.362,0,3.76,0,,
2023-03-18 00:20:00,1464,-2.365,0,3.76,0,,
2023-03-18 00:21:00,1465,-2.362,0,3.76,0,,
2023-03-18 00:22:00,1466,-2.366,0,3.76,0,,
2023-03-18 00:23:00,1467,-2.362,0,3.76,0,,
2023-03-18 00:24:00,1468,-2.365,0,3.76,0,,
2023-03-18 00:25:00,1469,-2.362,0,3.76,0,,
2023-03-18 00:26:00,1470,-2.366,0,3.76,0,,
2023-03-18 00:27:00,1471,-2.362,0,3.76,0,,
2023-03-18 00:28:00,1472,-2.364,0,3.76,0,,
2023-03-18 00:29:00,1473,-2.362,0,3.76,0,,
2023-03-18 00:30:00,1474,-2.365,0,3.76,0,,
2023-03-18 00:31:00,1475,-2.362,0,3.76,0,,
2023-03-18 00:32:00,1476,-2.365,0,3.76,0,,
2023-03-18 00:33:00,1477,-2.362,0,3.76,0,,
2023-03-18 00:34:00,1478,-2.365,0,3.76,0,,
2023-03-18 00:35:00,1479,-2.363,0,3.76,0,,
2023-03-18 00:36:00,1480,-2.365,0,3.76,0,,
2023-03-18 00:37:00,1481,-2.362,0,3.76,0,,
2023-03-18 00:38:00,1482,-2.365,0,3.76,0,,
2023-03-18 00:39:00,1483,-2.362,0,3.76,0,,
2023-03-18 00:40:00,1484,-2.366,0,3.76,0,,
2023-03-18 00:41:00,1485,-2.362,0,3.76,0,,
2023-03-18 00:42:00,1486,-2.365,0,3.76,0,,
2023-03-18 00:43:00,1487,-2.362,0,3.76,0,,
2023-03-18 00:44:00,1488,-2.364,0,3.76,0,,
2023-03-18 00:45:00,1489,-2.362,0,3.76,0,,
2023-03-18 00:46:00,1490,-2.365,0,3.76,0,,
2023-03-18 00:47:00,1491,-2.362,0,3.76,0,,
2023-03-18 00:48:00,1492,-2.365,0,3.76,0,,
2023-03-18 00:49:00,1493,-2.362,0,3.76,0,,
2023-03-18 00:50:00,1494,-2.365,0,3.76,0,,
2023-03-18 00:51:00,1495,-2.362,0,3.76,0,,
2023-03-18 00:52:00,1496,-2.366,0,3.76,0,,
2023-03-18 00:53:00,1497,-2.363,0,3.76,0,,
2023-03-18 00:54:00,1498,-2.365,0,3.76,0,,
2023-03-18 00:55:00,1499,-2.362,0,3.76,0,,
2023-03-18 00:56:00,1500,-2.365,0,3.76,0,,
2023-03-18 00:57:00,1501,-2.362,0,3.76,0,,
2023-03-18 00:58:00,1502,-2.365,0,3.76,0,,
2023-03-18 00:59:00,1503,-2.362,0,3.76,0,,
2023-03-18 01:00:00,1504,-2.366,0,3.76,0,,
2023-03-18 01:01:00,1505,-2.362,0,3.76,0,,
2023-03-18 01:02:00,1506,-2.366,0,3.76,0,,
2023-03-18 01:03:00,1507,-2.362,0,3.76,0,,
2023-03-18 01:04:00,1508,-2.365,0,3.76,0,,
2023-03-18 01:05:00,1509,-2.362,0,3.76,0,,
2023-03-18 01:06:00,1510,-2.365,0,3.76,0,,
2023-03-18 01:07:00,1511,-2.362,0,3.76,0,,
2023-03-18 01:08:00,1512,-2.365,0,3.76,0,,
2023-03-18 01:09:00,1513,-2.362,0,3.76,0,,
2023-03-18 01:10:00,1514,-2.366,0,3.76,0,,
2023-03-18 01:11:00,1515,-2.362,0,3.76,0,,
2023-03-18 01:12:00,1516,-2.365,0,3.76,0,,
2023-03-18 01:13:00,1517,-2.363,0,3.76,0,,
2023-03-18 01:14:00,1518,-2.365,0,3.76,0,,
2023-03-18 01:15:00,1519,-2.362,0,3.76,0,,
2023-03-18 01:16:00,1520,-2.365,0,3.76,0,,
2023-03-18 01:17:00,1521,-2.362,0,3.76,0,,
2023-03-18 01:18:00,1522,-2.365,0,3.76,0,,
2023-03-18 01:19:00,1523,-2.362,0,3.76,0,,
2023-03-18 01:20:00,1524,-2.364,0,3.76,0,,
2023-03-18 01:21:00,1525,-2.363,0,3.76,0,,
2023-03-18 01:22:00,1526,-2.366,0,3.76,0,,
2023-03-18 01:23:00,1527,-2.362,0,3.76,0,,
2023-03-18 01:24:00,1528,-2.366,0,3.76,0,,
2023-03-18 01:25:00,1529,-2.363,0,3.76,0,,
2023-03-18 01:26:00,1530,-2.364,0,3.76,0,,
2023-03-18 01:27:00,1531,-2.363,0,3.76,0,,
2023-03-18 01:28:00,1532,-2.365,0,3.76,0,,
2023-03-18 01:29:00,1533,-2.362,0,3.76,0,,
2023-03-18 01:30:00,1534,-2.364,0,3.76,0,,
2023-03-18 01:31:00,1535,-2.362,0,3.76,0,,
2023-03-18 01:32:00,1536,-2.365,0,3.76,0,,
2023-03-18 01:33:00,1537,-2.361,0,3.76,0,,
2023-03-18 01:34:00,1538,-2.365,0,3.76,0,,
2023-03-18 01:35:00,1539,-2.363,0,3.76,0,,
2023-03-18 01:36:00,1540,-2.364,0,3.76,0,,
2023-03-18 01:37:00,1541,-2.362,0,3.76,0,,
2023-03-18 01:38:00,1542,-2.365,0,3.76,0,,
2023-03-18 01:39:00,1543,-2.363,0,3.76,0,,
2023-03-18 01:40:00,1544,-2.365,0,3.76,0,,
2023-03-18 01:41:00,1545,-2.362,0,3.76,0,,
2023-03-18 01:42:00,1546,-2.366,0,3.76,0,,
2023-03-18 01:43:00,1547,-2.363,0,3.76,0,,
2023-03-18 01:44:00,1548,-2.363,0,3.76,0,,
2023-03-18 01:45:00,1549,-2.362,0,3.76,0,,
2023-03-18 01:46:00,1550,-2.366,0,3.76,0,,
2023-03-18 01:47:00,1551,-2.363,0,3.76,0,,
2023-03-18 01:48:00,1552,-2.366,0,3.76,0,,
2023-03-18 01:49:00,1553,-2.362,0,3.76,0,,
2023-03-18 01:50:00,1554,-2.364,0,3.76,0,,
2023-03-18 01:51:00,1555,-2.362,0,3.76,0,,
2023-03-18 01:52:00,1556,-2.365,0,3.76,0,,
2023-03-18 01:53:00,1557,-2.362,0,3.76,0,,
2023-03-18 01:54:00,1558,-2.365,0,3.76,0,,
2023-03-18 01:55:00,1559,-2.362,0,3.76,0,,
2023-03-18 01:56:00,1560,-2.366,0,3.76,0,,
2023-03-18 01:57:00,1561,-2.363,0,3.76,0,,
2023-03-18 01:58:00,1562,-2.364,0,3.76,0,,
2023-03-18 01:59:00,1563,-2.363,0,3.76,0,,
2023-03-18 02:00:00,1564,-2.366,0,3.76,0,,
2023-03-18 02:01:00,1565,-2.362,0,3.76,0,,
2023-03-18 02:02:00,1566,-2.364,0,3.76,0,,
2023-03-18 02:03:00,1567,-2.362,0,3.76,0,,
2023-03-18 02:04:00,1568,-2.364,0,3.76,0,,
2023-03-18 02:05:00,1569,-2.362,0,3.76,0,,
2023-03-18 02:06:00,1570,-2.366,0,3.76,0,,
2023-03-18 02:07:00,1571,-2.362,0,3.76,0,,
2023-03-18 02:08:00,1572,-2.365,0,3.76,0,,
2023-03-18 02:09:00,1573,-2.362,0,3.76,0,,
2023-03-18 02:10:00,1574,-2.366,0,3.76,0,,
2023-03-18 02:11:00,1575,-2.363,0,3.76,0,,
2023-03-18 02:12:00,1576,-2.365,0,3.76,0,,
2023-03-18 02:13:00,1577,-2.362,0,3.76,0,,
2023-03-18 02:14:00,1578,-2.365,0,3.76,0,,
2023-03-18 02:15:00,1579,-2.363,0,3.76,0,,
2023-03-18 02:16:00,1580,-2.365,0,3.76,0,,
2023-03-18 02:17:00,1581,-2.362,0,3.76,0,,
2023-03-18 02:18:00,1582,-2.366,0,3.76,0,,
2023-03-18 02:19:00,1583,-2.361,0,3.76,0,,
2023-03-18 02:20:00,1584,-2.365,0,3.76,0,,
2023-03-18 02:21:00,1585,-2.362,0,3.76,0,,
2023-03-18 02:22:00,1586,-2.364,0,3.76,0,,
2023-03-18 02:23:00,1587,-2.363,0,3.76,0,,
2023-03-18 02:24:00,1588,-2.365,0,3.76,0,,
2023-03-18 02:25:00,1589,-2.362,0,3.76,0,,
2023-03-18 02:26:00,1590,-2.365,0,3.76,0,,
2023-03-18 02:27:00,1591,-2.363,0,3.76,0,,
2023-03-18 02:28:00,1592,-2.365,0,3.76,0,,
2023-03-18 02:29:00,1593,-2.363,0,3.76,0,,
2023-03-18 02:30:00,1594,-2.364,0,3.76,0,,
2023-03-18 02:31:00,1595,-2.362,0,3.76,0,,
2023-03-18 02:32:00,1596,-2.365,0,3.76,0,,
2023-03-18 02:33:00,1597,-2.362,0,3.76,0,,
2023-03-18 02:34:00,1598,-2.365,0,3.76,0,,
2023-03-18 02:35:00,1599,-2.362,0,3.76,0,,
2023-03-18 02:36:00,1600,-2.366,0,3.76,0,,
2023-03-18 02:37:00,1601,-2.362,0,3.76,0,,
2023-03-18 02:38:00,1602,-2.367,0,3.76,0,,
2023-03-18 02:39:00,1603,-2.363,0,3.76,0,,
2023-03-18 02:40:00,1604,-2.365,0,3.76,0,,
2023-03-18 02:41:00,1605,-2.363,0,3.76,0,,
2023-03-18 02:42:00,1606,-2.365,0,3.76,0,,
2023-03-18 02:43:00,1607,-2.362,0,3.76,0,,
2023-03-18 02:44:00,1608,-2.365,0,3.76,0,,
2023-03-18 02:45:00,1609,-2.362,0,3.76,0,,
2023-03-18 02:46:00,1610,-2.364,0,3.76,0,,
2023-03-18 02:47:00,1611,-2.363,0,3.76,0,,
2023-03-18 02:48:00,1612,-2.365,0,3.76,0,,
2023-03-18 02:49:00,1613,-2.363,0,3.76,0,,
2023-03-18 02:50:00,1614,-2.365,0,3.76,0,,
2023-03-18 02:51:00,1615,-2.363,0,3.76,0,,
2023-03-18 02:52:00,1616,-2.366,0,3.76,0,,
2023-03-18 02:53:00,1617,-2.362,0,3.76,0,,
2023-03-18 02:54:00,1618,-2.365,0,3.76,0,,
2023-03-18 02:55:00,1619,-2.362,0,3.76,0,,
2023-03-18 02:56:00,1620,-2.365,0,3.76,0,,
2023-03-18 02:57:00,1621,-2.363,0,3.76,0,,
2023-03-18 02:58:00,1622,-2.366,0,3.76,0,,
2023-03-18 02:59:00,1623,-2.363,0,3.76,0,,
2023-03-18 03:00:00,1624,-2.365,0,3.76,0,,
2023-03-18 03:01:00,1625,-2.362,0,3.76,0,,
2023-03-18 03:02:00,1626,-2.366,0,3.76,0,,
2023-03-18 03:03:00,1627,-2.362,0,3.76,0,,
2023-03-18 03:04:00,1628,-2.366,0,3.76,0,,
2023-03-18 03:05:00,1629,-2.363,0,3.76,0,,
2023-03-18 03:06:00,1630,-2.364,0,3.76,0,,
2023-03-18 03:07:00,1631,-2.362,0,3.76,0,,
2023-03-18 03:08:00,1632,-2.366,0,3.76,0,,
2023-03-18 03:09:00,1633,-2.362,0,3.76,0,,
2023-03-18 03:10:00,1634,-2.365,0,3.76,0,,
2023-03-18 03:11:00,1635,-2.362,0,3.76,0,,
2023-03-18 03:12:00,1636,-2.365,0,3.76,0,,
2023-03-18 03:13:00,1637,-2.362,0,3.76,0,,
2023-03-18 03:14:00,1638,-2.365,0,3.76,0,,
2023-03-18 03:15:00,1639,-2.363,0,3.76,0,,
2023-03-18 03:16:00,1640,-2.365,0,3.76,0,,
2023-03-18 03:17:00,1641,-2.363,0,3.76,0,,
2023-03-18 03:18:00,1642,-2.366,0,3.76,0,,
2023-03-18 03:19:00,1643,-2.363,0,3.76,0,,
2023-03-18 03:20:00,1644,-2.366,0,3.76,0,,
2023-03-18 03:21:00,1645,-2.362,0,3.76,0,,
2023-03-18 03:22:00,1646,-2.365,0,3.76,0,,
2023-03-18 03:23:00,1647,-2.363,0,3.76,0,,
2023-03-18 03:24:00,1648,-2.365,0,3.76,0,,
2023-03-18 03:25:00,1649,-2.362,0,3.76,0,,
2023-03-18 03:26:00,1650,-2.365,0,3.76,0,,
2023-03-18 03:27:00,1651,-2.363,0,3.76,0,,
2023-03-18 03:28:00,1652,-2.365,0,3.76,0,,
2023-03-18 03:29:00,1653,-2.362,0,3.76,0,,
2023-03-18 03:30:00,1654,-2.365,0,3.76,0,,
2023-03-18 03:31:00,1655,-2.362,0,3.76,0,,
2023-03-18 03:32:00,1656,-2.366,0,3.76,0,,
2023-03-18 03:33:00,1657,-2.363,0,3.76,0,,
2023-03-18 03:34:00,1658,-2.364,0,3.76,0,,
2023-03-18 03:35:00,1659,-2.363,0,3.76,0,,
2023-03-18 03:36:00,1660,-2.366,0,3.76,0,,
2023-03-18 03:37:00,1661,-2.362,0,3.76,0,,
2023-03-18 03:38:00,1662,-2.365,0,3.76,0,,
2023-03-18 03:39:00,1663,-2.363,0,3.76,0,,
2023-03-18 03:40:00,1664,-2.366,0,3.76,0,,
2023-03-18 03:41:00,1665,-2.362,0,3.76,0,,
2023-03-18 03:42:00,1666,-2.366,0,3.76,0,,
2023-03-18 03:43:00,1667,-2.363,0,3.76,0,,
2023-03-18 03:44:00,1668,-2.365,0,3.76,0,,
2023-03-18 03:45:00,1669,-2.363,0,3.76,0,,
2023-03-18 03:46:00,1670,-2.365,0,3.76,0,,
2023-03-18 03:47:00,1671,-2.363,0,3.76,0,,
2023-03-18 03:48:00,1672,-2.367,0,3.76,0,,
2023-03-18 03:49:00,1673,-2.363,0,3.76,0,,
2023-03-18 03:50:00,1674,-2.365,0,3.76,0,,
2023-03-18 03:51:00,1675,-2.363,0,3.76,0,,
2023-03-18 03:52:00,1676,-2.365,0,3.76,0,,
2023-03-18 03:53:00,1677,-2.362,0,3.76,0,,
2023-03-18 03:54:00,1678,-2.366,0,3.76,0,,
2023-03-18 03:55:00,1679,-2.363,0,3.76,0,,
2023-03-18 03:56:00,1680,-2.365,0,3.76,0,,
2023-03-18 03:57:00,1681,-2.362,0,3.76,0,,
2023-03-18 03:58:00,1682,-2.365,0,3.76,0,,
2023-03-18 03:59:00,1683,-2.362,0,3.76,0,,
2023-03-18 04:00:00,1684,-2.365,0,3.76,0,,
2023-03-18 04:01:00,1685,-2.363,0,3.76,0,,
2023-03-18 04:02:00,1686,-2.366,0,3.76,0,,
2023-03-18 04:03:00,1687,-2.363,0,3.76,0,,
2023-03-18 04:04:00,1688,-2.365,0,3.76,0,,
2023-03-18 04:05:00,1689,-2.363,0,3.76,0,,
2023-03-18 04:06:00,1690,-2.366,0,3.76,0,,
2023-03-18 04:07:00,1691,-2.363,0,3.76,0,,
2023-03-18 04:08:00,1692,-2.365,0,3.76,0,,
2023-03-18 04:09:00,1693,-2.363,0,3.76,0,,
2023-03-18 04:10:00,1694,-2.366,0,3.76,0,,
2023-03-18 04:11:00,1695,-2.362,0,3.76,0,,
2023-03-18 04:12:00,1696,-2.366,0,3.76,0,,
2023-03-18 04:13:00,1697,-2.362,0,3.76,0,,
2023-03-18 04:14:00,1698,-2.366,0,3.76,0,,
2023-03-18 04:15:00,1699,-2.363,0,3.76,0,,
2023-03-18 04:16:00,1700,-2.365,0,3.76,0,,
2023-03-18 04:17:00,1701,-2.362,0,3.76,0,,
2023-03-18 04:18:00,1702,-2.365,0,3.76,0,,
2023-03-18 04:19:00,1703,-2.362,0,3.76,0,,
2023-03-18 04:20:00,1704,-2.365,0,3.76,0,,
2023-03-18 04:21:00,1705,-2.363,0,3.76,0,,
2023-03-18 04:22:00,1706,-2.366,0,3.76,0,,
2023-03-18 04:23:00,1707,-2.362,0,3.76,0,,
2023-03-18 04:24:00,1708,-2.365,0,3.76,0,,
2023-03-18 04:25:00,1709,-2.363,0,3.76,0,,
2023-03-18 04:26:00,1710,-2.365,0,3.76,0,,
2023-03-18 04:27:00,1711,-2.363,0,3.76,0,,
2023-03-18 04:28:00,1712,-2.366,0,3.76,0,,
2023-03-18 04:29:00,1713,-2.363,0,3.76,0,,
2023-03-18 04:30:00,1714,-2.366,0,3.76,0,,
2023-03-18 04:31:00,1715,-2.362,0,3.76,0,,
2023-03-18 04:32:00,1716,-2.364,0,3.76,0,,
2023-03-18 04:33:00,1717,-2.363,0,3.76,0,,
2023-03-18 04:34:00,1718,-2.366,0,3.76,0,,
2023-03-18 04:35:00,1719,-2.363,0,3.76,0,,
2023-03-18 04:36:00,1720,-2.366,0,3.76,0,,
2023-03-18 04:37:00,1721,-2.363,0,3.76,0,,
2023-03-18 04:38:00,1722,-2.366,0,3.76,0,,
2023-03-18 04:39:00,1723,-2.362,0,3.76,0,,
2023-03-18 04:40:00,1724,-2.366,0,3.76,0,,
2023-03-18 04:41:00,1725,-2.363,0,3.76,0,,
2023-03-18 04:42:00,1726,-2.365,0,3.76,0,,
2023-03-18 04:43:00,1727,-2.364,0,3.76,0,,
2023-03-18 04:44:00,1728,-2.366,0,3.76,0,,
2023-03-18 04:45:00,1729,-2.363,0,3.76,0,,
2023-03-18 04:46:00,1730,-2.366,0,3.76,0,,
2023-03-18 04:47:00,1731,-2.362,0,3.76,0,,
2023-03-18 04:48:00,1732,-2.366,0,3.76,0,,
2023-03-18 04:49:00,1733,-2.363,0,3.76,0,,
2023-03-18 04:50:00,1734,-2.364,0,3.76,0,,
2023-03-18 04:51:00,1735,-2.363,0,3.76,0,,
2023-03-18 04:52:00,1736,-2.366,0,3.76,0,,
2023-03-18 04:53:00,1737,-2.362,0,3.76,0,,
2023-03-18 04:54:00,1738,-2.365,0,3.76,0,,
2023-03-18 04:55:00,1739,-2.363,0,3.76,0,,
2023-03-18 04:56:00,1740,-2.366,0,3.76,0,,
2023-03-18 04:57:00,1741,-2.363,0,3.76,0,,
2023-03-18 04:58:00,1742,-2.367,0,3.76,0,,
2023-03-18 04:59:00,1743,-2.363,0,3.76,0,,
2023-03-18 05:00:00,1744,-2.365,0,3.76,0,,
2023-03-18 05:01:00,1745,-2.363,0,3.76,0,,
2023-03-18 05:02:00,1746,-2.366,0,3.76,0,,
2023-03-18 05:03:00,1747,-2.363,0,3.76,0,,
2023-03-18 05:04:00,1748,-2.365,0,3.76,0,,
2023-03-18 05:05:00,1749,-2.363,0,3.76,0,,
2023-03-18 05:06:00,1750,-2.366,0,3.76,0,,
2023-03-18 05:07:00,1751,-2.363,0,3.76,0,,
2023-03-18 05:08:00,1752,-2.366,0,3.76,0,,
2023-03-18 05:09:00,1753,-2.363,0,3.76,0,,
2023-03-18 05:10:00,1754,-2.366,0,3.76,0,,
2023-03-18 05:11:00,1755,-2.363,0,3.76,0,,
2023-03-18 05:12:00,1756,-2.365,0,3.76,0,,
2023-03-18 05:13:00,1757,-2.362,0,3.76,0,,
2023-03-18 05:14:00,1758,-2.367,0,3.76,0,,
2023-03-18 05:15:00,1759,-2.363,0,3.76,0,,
2023-03-18 05:16:00,1760,-2.366,0,3.76,0,,
2023-03-18 05:17:00,1761,-2.363,0,3.76,0,,
2023-03-18 05:18:00,1762,-2.367,0,3.76,0,,
2023-03-18 05:19:00,1763,-2.363,0,3.76,0,,
2023-03-18 05:20:00,1764,-2.365,0,3.76,0,,
2023-03-18 05:21:00,1765,-2.364,0,3.76,0,,
2023-03-18 05:22:00,1766,-2.366,0,3.76,0,,
2023-03-18 05:23:00,1767,-2.363,0,3.76,0,,
2023-03-18 05:24:00,1768,-2.365,0,3.76,0,,
2023-03-18 05:25:00,1769,-2.363,0,3.76,0,,
2023-03-18 05:26:00,1770,-2.366,0,3.76,0,,
2023-03-18 05:27:00,1771,-2.363,0,3.76,0,,
2023-03-18 05:28:00,1772,-2.365,0,3.76,0,,
2023-03-18 05:29:00,1773,-2.362,0,3.76,0,,
2023-03-18 05:30:00,1774,-2.365,0,3.76,0,,
2023-03-18 05:31:00,1775,-2.362,0,3.76,0,,
2023-03-18 05:32:00,1776,-2.366,0,3.76,0,,
2023-03-18 05:33:00,1777,-2.363,0,3.76,0,,
2023-03-18 05:34:00,1778,-2.366,0,3.76,0,,
2023-03-18 05:35:00,1779,-2.364,0,3.76,0,,
2023-03-18 05:36:00,1780,-2.366,0,3.76,0,,
2023-03-18 05:37:00,1781,-2.363,0,3.76,0,,
2023-03-18 05:38:00,1782,-2.365,0,3.76,0,,
2023-03-18 05:39:00,1783,-2.363,0,3.76,0,,
2023-03-18 05:40:00,1784,-2.366,0,3.76,0,,
2023-03-18 05:41:00,1785,-2.364,0,3.76,0,,
2023-03-18 05:42:00,1786,-2.366,0,3.76,0,,
2023-03-18 05:43:00,1787,-2.363,0,3.76,0,,
2023-03-18 05:44:00,1788,-2.366,0,3.76,0,,
2023-03-18 05:45:00,1789,-2.362,0,3.76,0,,
2023-03-18 05:46:00,1790,-2.367,0,3.76,0,,
2023-03-18 05:47:00,1791,-2.363,0,3.76,0,,
2023-03-18 05:48:00,1792,-2.367,0,3.76,0,,
2023-03-18 05:49:00,1793,-2.364,0,3.76,0,,
2023-03-18 05:50:00,1794,-2.365,0,3.76,0,,
2023-03-18 05:51:00,1795,-2.363,0,3.76,0,,
2023-03-18 05:52:00,1796,-2.366,0,3.76,0,,
2023-03-18 05:53:00,1797,-2.363,0,3.76,0,,
2023-03-18 05:54:00,1798,-2.366,0,3.76,0,,
2023-03-18 05:55:00,1799,-2.364,0,3.76,0,,
2023-03-18 05:56:00,1800,-2.366,0,3.76,0,,
2023-03-18 05:57:00,1801,-2.363,0,3.76,0,,
2023-03-18 05:58:00,1802,-2.364,0,3.76,0,,
2023-03-18 05:59:00,1803,-2.362,0,3.76,0,,
2023-03-18 06:00:00,1804,-2.366,0,3.76,0,,
2023-03-18 06:01:00,1805,-2.363,0,3.76,0,,
2023-03-18 06:02:00,1806,-2.367,0,3.76,0,,
2023-03-18 06:03:00,1807,-2.364,0,3.76,0,,
2023-03-18 06:04:00,1808,-2.366,0,3.76,0,,
2023-03-18 06:05:00,1809,-2.363,0,3.76,0,,
2023-03-18 06:06:00,1810,-2.366,0,3.76,0,,
2023-03-18 06:07:00,1811,-2.363,0,3.76,0,,
2023-03-18 06:08:00,1812,-2.366,0,3.76,0,,
2023-03-18 06:09:00,1813,-2.363,0,3.76,0,,
2023-03-18 06:10:00,1814,-2.367,0,3.76,0,,
2023-03-18 06:11:00,1815,-2.363,0,3.76,0,,
2023-03-18 06:12:00,1816,-2.366,0,3.76,0,,
2023-03-18 06:13:00,1817,-2.363,0,3.76,0,,
2023-03-18 06:14:00,1818,-2.365,0,3.76,0,,
2023-03-18 06:15:00,1819,-2.363,0,3.76,0,,
2023-03-18 06:16:00,1820,-2.367,0,3.76,0,,
2023-03-18 06:17:00,1821,-2.363,0,3.76,0,,
2023-03-18 06:18:00,1822,-2.366,0,3.76,0,,
2023-03-18 06:19:00,1823,-2.363,0,3.76,0,,
2023-03-18 06:20:00,1824,-2.365,0,3.76,0,,
2023-03-18 06:21:00,1825,-2.363,0,3.76,0,,
2023-03-18 06:22:00,1826,-2.366,0,3.76,0,,
2023-03-18 06:23:00,1827,-2.363,0,3.76,0,,
2023-03-18 06:24:00,1828,-2.367,0,3.76,0,,
2023-03-18 06:25:00,1829,-2.363,0,3.76,0,,
2023-03-18 06:26:00,1830,-2.366,0,3.76,0,,
2023-03-18 06:27:00,1831,-2.364,0,3.76,0,,
2023-03-18 06:28:00,1832,-2.365,0,3.76,0,,
2023-03-18 06:29:00,1833,-2.364,0,3.76,0,,
2023-03-18 06:30:00,1834,-2.366,0,3.76,0,,
2023-03-18 06:31:00,1835,-2.364,0,3.76,0,,
2023-03-18 06:32:00,1836,-2.366,0,3.76,0,,
2023-03-18 06:33:00,1837,-2.362,0,3.76,0,,
2023-03-18 06:34:00,1838,-2.366,0,3.76,0,,
2023-03-18 06:35:00,1839,-2.364,0,3.76,0,,
2023-03-18 06:36:00,1840,-2.365,0,3.76,0,,
2023-03-18 06:37:00,1841,-2.363,0,3.76,0,,
2023-03-18 06:38:00,1842,-2.367,0,3.76,0,,
2023-03-18 06:39:00,1843,-2.363,0,3.76,0,,
2023-03-18 06:40:00,1844,-2.367,0,3.76,0,,
2023-03-18 06:41:00,1845,-2.364,0,3.76,0,,
2023-03-18 06:42:00,1846,-2.366,0,3.76,0,,
2023-03-18 06:43:00,1847,-2.363,0,3.76,0,,
2023-03-18 06:44:00,1848,-2.367,0,3.76,0,,
2023-03-18 06:45:00,1849,-2.364,0,3.76,0,,
2023-03-18 06:46:00,1850,-2.365,0,3.76,0,,
2023-03-18 06:47:00,1851,-2.363,0,3.76,0,,
2023-03-18 06:48:00,1852,-2.366,0,3.76,0,,
2023-03-18 06:49:00,1853,-2.363,0,3.76,0,,
2023-03-18 06:50:00,1854,-2.366,0,3.76,0,,
2023-03-18 06:51:00,1855,-2.364,0,3.76,0,,
2023-03-18 06:52:00,1856,-2.367,0,3.76,0,,
2023-03-18 06:53:00,1857,-2.364,0,3.76,0,,
2023-03-18 06:54:00,1858,-2.366,0,3.76,0,,
2023-03-18 06:55:00,1859,-2.364,0,3.76,0,,
2023-03-18 06:56:00,1860,-2.366,0,3.76,0,,
2023-03-18 06:57:00,1861,-2.364,0,3.76,0,,
2023-03-18 06:58:00,1862,-2.366,0,3.76,0,,
2023-03-18 06:59:00,1863,-2.364,0,3.76,0,,
2023-03-18 07:00:00,1864,-2.367,0,3.76,0,,
2023-03-18 07:01:00,1865,-2.363,0,3.76,0,,
2023-03-18 07:02:00,1866,-2.366,0,3.76,0,,
2023-03-18 07:03:00,1867,-2.364,0,3.76,0,,
2023-03-18 07:04:00,1868,-2.366,0,3.76,0,,
2023-03-18 07:05:00,1869,-2.364,0,3.76,0,,
2023-03-18 07:06:00,1870,-2.366,0,3.76,0,,
2023-03-18 07:07:00,1871,-2.363,0,3.76,0,,
2023-03-18 07:08:00,1872,-2.366,0,3.76,0,,
2023-03-18 07:09:00,1873,-2.363,0,3.76,0,,
2023-03-18 07:10:00,1874,-2.366,0,3.76,0,,
2023-03-18 07:11:00,1875,-2.363,0,3.76,0,,
2023-03-18 07:12:00,1876,-2.366,0,3.76,0,,
2023-03-18 07:13:00,1877,-2.364,0,3.76,0,,
2023-03-18 07:14:00,1878,-2.366,0,3.76,0,,
2023-03-18 07:15:00,1879,-2.363,0,3.76,0,,
2023-03-18 07:16:00,1880,-2.366,0,3.76,0,,
2023-03-18 07:17:00,1881,-2.363,0,3.76,0,,
2023-03-18 07:18:00,1882,-2.366,0,3.76,0,,
2023-03-18 07:19:00,1883,-2.363,0,3.76,0,,
2023-03-18 07:20:00,1884,-2.365,0,3.76,0,,
2023-03-18 07:21:00,1885,-2.364,0,3.76,0,,
2023-03-18 07:22:00,1886,-2.367,0,3.76,0,,
2023-03-18 07:23:00,1887,-2.363,0,3.76,0,,
2023-03-18 07:24:00,1888,-2.367,0,3.76,0,,
2023-03-18 07:25:00,1889,-2.364,0,3.76,0,,
2023-03-18 07:26:00,1890,-2.367,0,3.76,0,,
2023-03-18 07:27:00,1891,-2.364,0,3.76,0,,
2023-03-18 07:28:00,1892,-2.366,0,3.76,0,,
2023-03-18 07:29:00,1893,-2.364,0,3.76,0,,
2023-03-18 07:30:00,1894,-2.366,0,3.76,0,,
2023-03-18 07:31:00,1895,-2.364,0,3.76,0,,
2023-03-18 07:32:00,1896,-2.366,0,3.76,0,,
2023-03-18 07:33:00,1897,-2.363,0,3.76,0,,
2023-03-18 07:34:00,1898,-2.367,0,3.76,0,,
2023-03-18 07:35:00,1899,-2.365,0,3.76,0,,
2023-03-18 07:36:00,1900,-2.366,0,3.76,0,,
2023-03-18 07:37:00,1901,-2.364,0,3.76,0,,
2023-03-18 07:38:00,1902,-2.368,0,3.76,0,,
2023-03-18 07:39:00,1903,-2.364,0,3.76,0,,
2023-03-18 07:40:00,1904,-2.366,0,3.76,0,,
2023-03-18 07:41:00,1905,-2.364,0,3.76,0,,
2023-03-18 07:42:00,1906,-2.367,0,3.76,0,,
2023-03-18 07:43:00,1907,-2.364,0,3.76,0,,
2023-03-18 07:44:00,1908,-2.367,0,3.76,0,,
2023-03-18 07:45:00,1909,-2.364,0,3.76,0,,
2023-03-18 07:46:00,1910,-2.365,0,3.76,0,,
2023-03-18 07:47:00,1911,-2.363,0,3.76,0,,
2023-03-18 07:48:00,1912,-2.368,0,3.76,0,,
2023-03-18 07:49:00,1913,-2.363,0,3.76,0,,
2023-03-18 07:50:00,1914,-2.367,0,3.76,0,,
2023-03-18 07:51:00,1915,-2.364,0,3.76,0,,
2023-03-18 07:52:00,1916,-2.366,0,3.76,0,,
2023-03-18 07:53:00,1917,-2.365,0,3.76,0,,
2023-03-18 07:54:00,1918,-2.367,0,3.76,0,,
2023-03-18 07:55:00,1919,-2.364,0,3.76,0,,
2023-03-18 07:56:00,1920,-2.367,0,3.76,0,,
2023-03-18 07:57:00,1921,-2.363,0,3.76,0,,
2023-03-18 07:58:00,1922,-2.366,0,3.76,0,,
2023-03-18 07:59:00,1923,-2.364,0,3.76,0,,
2023-03-18 08:00:00,1924,-2.367,0,3.76,0,,
2023-03-18 08:01:00,1925,-2.364,0,3.76,0,,
2023-03-18 08:02:00,1926,-2.367,0,3.76,0,,
2023-03-18 08:03:00,1927,-2.364,0,3.76,0,,
2023-03-18 08:04:00,1928,-2.366,0,3.76,0,,
2023-03-18 08:05:00,1929,-2.364,0,3.76,0,,
2023-03-18 08:06:00,1930,-2.367,0,3.76,0,,
2023-03-18 08:07:00,1931,-2.364,0,3.76,0,,
2023-03-18 08:08:00,1932,-2.367,0,3.76,0,,
2023-03-18 08:09:00,1933,-2.364,0,3.76,0,,
2023-03-18 08:10:00,1934,-2.368,0,3.76,0,,
2023-03-18 08:11:00,1935,-2.364,0,3.76,0,,
2023-03-18 08:12:00,1936,-2.367,0,3.76,0,,
2023-03-18 08:13:00,1937,-2.363,0,3.76,0,,
2023-03-18 08:14:00,1938,-2.367,0,3.76,0,,
2023-03-18 08:15:00,1939,-2.364,0,3.76,0,,
2023-03-18 08:16:00,1940,-2.366,0,3.76,0,,
2023-03-18 08:17:00,1941,-2.364,0,3.76,0,,
2023-03-18 08:18:00,1942,-2.367,0,3.76,0,,
2023-03-18 08:19:00,1943,-2.364,0,3.76,0,,
2023-03-18 08:20:00,1944,-2.367,0,3.76,0,,
2023-03-18 08:21:00,1945,-2.364,0,3.76,0,,
2023-03-18 08:22:00,1946,-2.368,0,3.76,0,,
2023-03-18 08:23:00,1947,-2.364,0,3.76,0,,
2023-03-18 08:24:00,1948,-2.367,0,3.76,0,,
2023-03-18 08:25:00,1949,-2.365,0,3.76,0,,
2023-03-18 08:26:00,1950,-2.367,0,3.76,0,,
2023-03-18 08:27:00,1951,-2.363,0,3.76,0,,
2023-03-18 08:28:00,1952,-2.367,0,3.76,0,,
2023-03-18 08:29:00,1953,-2.364,0,3.76,0,,
2023-03-18 08:30:00,1954,-2.367,0,3.76,0,,
2023-03-18 08:31:00,1955,-2.363,0,3.76,0,,
2023-03-18 08:32:00,1956,-2.366,0,3.76,0,,
2023-03-18 08:33:00,1957,-2.363,0,3.76,0,,
2023-03-18 08:34:00,1958,-2.367,0,3.76,0,,
2023-03-18 08:35:00,1959,-2.365,0,3.76,0,,
2023-03-18 08:36:00,1960,-2.366,0,3.76,0,,
2023-03-18 08:37:00,1961,-2.364,0,3.76,0,,
2023-03-18 08:38:00,1962,-2.367,0,3.76,0,,
2023-03-18 08:39:00,1963,-2.364,0,3.76,0,,
2023-03-18 08:40:00,1964,-2.367,0,3.76,0,,
2023-03-18 08:41:00,1965,-2.364,0,3.76,0,,
2023-03-18 08:42:00,1966,-2.366,0,3.76,0,,
2023-03-18 08:43:00,1967,-2.364,0,3.76,0,,
2023-03-18 08:44:00,1968,-2.367,0,3.76,0,,
2023-03-18 08:45:00,1969,-2.364,0,3.76,0,,
2023-03-18 08:46:00,1970,-2.366,0,3.76,0,,
2023-03-18 08:47:00,1971,-2.364,0,3.76,0,,
2023-03-18 08:48:00,1972,-2.368,0,3.76,0,,
2023-03-18 08:49:00,1973,-2.364,0,3.76,0,,
2023-03-18 08:50:00,1974,-2.367,0,3.76,0,,
2023-03-18 08:51:00,1975,-2.363,0,3.76,0,,
2023-03-18 08:52:00,1976,-2.367,0,3.76,0,,
2023-03-18 08:53:00,1977,-2.364,0,3.76,0,,
2023-03-18 08:54:00,1978,-2.366,0,3.76,0,,
2023-03-18 08:55:00,1979,-2.364,0,3.76,0,,
2023-03-18 08:56:00,1980,-2.367,0,3.76,0,,
2023-03-18 08:57:00,1981,-2.364,0,3.76,0,,
2023-03-18 08:58:00,1982,-2.367,0,3.76,0,,
2023-03-18 08:59:00,1983,-2.364,0,3.76,0,,
2023-03-18 09:00:00,1984,-2.367,0,3.76,0,,
2023-03-18 09:01:00,1985,-2.364,0,3.76,0,,
2023-03-18 09:02:00,1986,-2.367,0,3.76,0,,
2023-03-18 09:03:00,1987,-2.364,0,3.76,0,,
2023-03-18 09:04:00,1988,-2.368,0,3.76,0,,
2023-03-18 09:05:00,1989,-2.364,0,3.76,0,,
2023-03-18 09:06:00,1990,-2.367,0,3.76,0,,
2023-03-18 09:07:00,1991,-2.364,0,3.76,0,,
2023-03-18 09:08:00,1992,-2.367,0,3.76,0,,
2023-03-18 09:09:00,1993,-2.364,0,3.76,0,,
2023-03-18 09:10:00,1994,-2.366,0,3.76,0,,
2023-03-18 09:11:00,1995,-2.364,0,3.76,0,,
2023-03-18 09:12:00,1996,-2.367,0,3.76,0,,
2023-03-18 09:13:00,1997,-2.363,0,3.76,0,,
2023-03-18 09:14:00,1998,-2.367,0,3.76,0,,
2023-03-18 09:15:00,1999,-2.364,0,3.76,0,,
2023-03-18 09:16:00,2000,-2.366,0,3.76,0,,
2023-03-18 09:17:00,2001,-2.363,0,3.76,0,,
2023-03-18 09:18:00,2002,-2.367,0,3.76,0,,
2023-03-18 09:19:00,2003,-2.363,0,3.76,0,,
2023-03-18 09:20:00,2004,-2.366,0,3.76,0,,
2023-03-18 09:21:00,2005,-2.364,0,3.76,0,,
2023-03-18 09:22:00,2006,-2.366,0,3.76,0,,
2023-03-18 09:23:00,2007,-2.364,0,3.76,0,,
2023-03-18 09:24:00,2008,-2.366,0,3.76,0,,
2023-03-18 09:25:00,2009,-2.364,0,3.76,0,,
2023-03-18 09:26:00,2010,-2.367,0,3.76,0,,
2023-03-18 09:27:00,2011,-2.364,0,3.76,0,,
2023-03-18 09:28:00,2012,-2.367,0,3.76,0,,
2023-03-18 09:29:00,2013,-2.364,0,3.76,0,,
2023-03-18 09:30:00,2014,-2.366,0,3.76,0,,
2023-03-18 09:31:00,2015,-2.364,0,3.76,0,,
2023-03-18 09:32:00,2016,-2.366,0,3.76,0,,
2023-03-18 09:33:00,2017,-2.363,0,3.76,0,,
2023-03-18 09:34:00,2018,-2.367,0,3.76,0,,
2023-03-18 09:35:00,2019,-2.364,0,3.76,0,,
2023-03-18 09:36:00,2020,-2.366,0,3.76,0,,
2023-03-18 09:37:00,2021,-2.364,0,3.76,0,,
2023-03-18 09:38:00,2022,-2.366,0,3.76,0,,
2023-03-18 09:39:00,2023,-2.364,0,3.76,0,,
2023-03-18 09:40:00,2024,-2.366,0,3.76,0,,
2023-03-18 09:41:00,2025,-2.365,0,3.76,0,,
2023-03-18 09:42:00,2026,-2.366,0,3.76,0,,
2023-03-18 09:43:00,2027,-2.364,0,3.76,0,,
2023-03-18 09:44:00,2028,-2.367,0,3.76,0,,
2023-03-18 09:45:00,2029,-2.363,0,3.76,0,,
2023-03-18 09:46:00,2030,-2.367,0,3.76,0,,
2023-03-18 09:47:00,2031,-2.364,0,3.76,0,,
2023-03-18 09:48:00,2032,-2.366,0,3.76,0,,
2023-03-18 09:49:00,2033,-2.364,0,3.76,0,,
2023-03-18 09:50:00,2034,-2.367,0,3.76,0,,
2023-03-18 09:51:00,2035,-2.364,0,3.76,0,,
2023-03-18 09:52:00,2036,-2.367,0,3.76,0,,
2023-03-18 09:53:00,2037,-2.364,0,3.76,0,,
2023-03-18 09:54:00,2038,-2.367,0,3.76,0,,
2023-03-18 09:55:00,2039,-2.363,0,3.76,0,,
2023-03-18 09:56:00,2040,-2.366,0,3.76,0,,
2023-03-18 09:57:00,2041,-2.364,0,3.76,0,,
2023-03-18 09:58:00,2042,-2.366,0,3.76,0,,
2023-03-18 09:59:00,2043,-2.365,0,3.76,0,,
2023-03-18 10:00:00,2044,-2.367,0,3.76,0,,
2023-03-18 10:01:00,2045,-2.363,0,3.76,0,,
2023-03-18 10:02:00,2046,-2.366,0,3.76,0,,
2023-03-18 10:03:00,2047,-2.363,0,3.76,0,,
2023-03-18 10:04:00,2048,-2.366,0,3.76,0,,
2023-03-18 10:05:00,2049,-2.367,0,3.76,0,,
2023-03-18 11:06:00,2067,-2.407,0,3.76,0,,
2023-03-18 11:08:00,2069,-2.407,0,3.76,0,,
2023-03-18 11:10:00,2071,-2.408,0,3.76,0,,
2023-03-18 11:12:00,2073,-2.369,0,3.76,0,,
2023-03-18 12:03:00,2075,9999999,2,3.76,0,,
2023-03-18 12:05:00,2077,9999999,2,3.76,0,,
2023-03-18 12:07:00,2079,9999999,2,3.76,0,,
2023-03-18 12:09:00,2081,9999999,2,3.76,0,,
2023-03-18 12:11:00,2083,9999999,2,3.76,0,,
2023-03-18 12:13:00,2085,9999999,2,3.76,0,,
2023-03-18 12:15:00,2087,9999999,2,3.76,0,,
2023-03-18 12:17:00,2089,9999999,2,3.76,0,,
2023-03-18 12:19:00,2091,9999999,2,3.76,0,,
2023-03-18 12:21:00,2093,9999999,2,3.76,0,,
2023-03-18 12:23:00,2095,9999999,2,3.76,0,,
2023-03-18 12:25:00,2097,9999999,2,3.76,0,,
2023-03-18 12:27:00,2099,9999999,2,3.76,0,,
2023-03-18 12:38:00,2101,9999999,2,3.76,0,,
2023-03-18 12:39:00,2102,9999999,2,3.76,0,,
2023-03-18 12:40:00,2103,9999999,2,3.76,0,,
2023-03-18 12:41:00,2104,9999999,2,3.76,0,,
2023-03-18 12:42:00,2105,9999999,2,3.76,0,,
2023-03-18 12:43:00,2106,9999999,2,3.76,0,,
2023-03-18 12:44:00,2107,9999999,2,3.76,0,,
2023-03-18 12:45:00,2108,9999999,2,3.76,0,,
2023-03-18 12:46:00,2109,9999999,2,3.76,0,,
2023-03-18 12:47:00,2110,9999999,2,3.76,0,,
2023-03-18 12:48:00,2111,9999999,2,3.75,0,,
2023-03-18 12:49:00,2112,9999999,2,3.76,0,,
2023-03-18 12:50:00,2113,9999999,2,3.76,0,,
2023-03-18 12:51:00,2114,9999999,2,3.76,0,,
2023-03-18 12:52:00,2115,9999999,2,3.76,0,,
2023-03-18 12:53:00,2116,9999999,2,3.76,0,,
2023-03-18 12:54:00,2117,9999999,2,3.76,0,,
2023-03-18 12:55:00,2118,9999999,2,3.76,0,,
2023-03-18 12:56:00,2119,9999999,2,3.76,0,,
2023-03-18 12:57:00,2120,9999999,2,3.76,0,,
2023-03-18 13:10:00,2122,9999999,2,3.76,0,,
2023-03-18 13:12:00,2123,9999999,2,3.76,0,,
2023-03-18 13:14:00,2124,9999999,2,3.76,0,,
2023-03-18 13:16:00,2125,9999999,2,3.76,0,,
2023-03-18 13:18:00,2126,9999999,2,3.76,0,,
2023-03-18 13:20:00,2127,9999999,2,3.76,0,,
2023-03-18 13:22:00,2128,9999999,2,3.75,0,,
2023-03-18 13:24:00,2129,9999999,2,3.76,0,,
2023-03-18 13:26:00,2130,9999999,2,3.76,0,,
2023-03-18 13:28:00,2131,9999999,2,3.76,0,,
2023-03-18 13:30:00,2132,9999999,2,3.76,0,,
2023-03-18 13:34:00,2134,9999999,2,3.76,0,,
2023-03-18 13:36:00,2135,9999999,2,3.76,0,,
2023-03-18 13:38:00,2136,9999999,2,3.76,0,,
2023-03-18 13:40:00,2137,9999999,2,3.76,0,,
2023-03-18 13:42:00,2138,9999999,2,3.76,0,,
2023-03-18 13:44:00,2139,9999999,2,3.76,0,,
2023-03-18 13:46:00,2140,9999999,2,3.76,0,,
2023-03-18 13:48:00,2141,9999999,8,3.76,0,,
2023-03-18 13:50:00,2142,9999999,2,3.76,0,,
2023-03-18 13:52:00,2143,9999999,2,3.76,0,,
2023-03-18 13:54:00,2144,9999999,2,3.76,0,,
2023-03-18 13:56:00,2145,9999999,8,3.76,0,,
2023-03-18 13:58:00,2146,-10.57,0,3.76,0,,
2023-03-18 14:00:00,2147,9999999,2,3.76,0,,
2023-03-18 14:02:00,2148,9999999,2,3.76,0,,
2023-03-18 14:04:00,2149,9999999,2,3.76,0,,
2023-03-18 14:06:00,2150,9999999,2,3.76,0,,
2023-03-18 14:16:00,2152,9999999,2,3.76,0,,
2023-03-18 14:18:00,2153,9999999,2,3.76,0,,
2023-03-18 14:20:00,2154,9999999,2,3.76,0,,
2023-03-18 14:26:00,2156,9999999,2,3.76,0,,
2023-03-18 14:28:00,2157,9999999,2,3.76,0,,
2023-03-18 14:30:00,2158,9999999,2,3.76,0,,
2023-03-18 14:54:00,2171,9999999,2,3.76,0,,
2023-03-18 14:56:00,2172,9999999,2,3.76,0,,
2023-03-18 14:58:00,2173,9999999,2,3.76,0,,
2023-03-18 15:00:00,2174,9999999,2,3.76,0,,
2023-03-18 15:02:00,2175,9999999,2,3.76,0,,
2023-03-18 15:04:00,2176,9999999,2,3.76,0,,
2023-03-18 15:06:00,2177,9999999,2,3.76,0,,
2023-03-18 15:08:00,2178,9999999,2,3.76,0,,
2023-03-18 15:10:00,2179,9999999,2,3.76,0,,
2023-03-18 15:12:00,2180,9999999,2,3.76,0,,
2023-03-18 15:14:00,2181,9999999,2,3.76,0,,
2023-03-18 15:16:00,2182,9999999,2,3.76,0,,
2023-03-18 15:18:00,2183,9999999,2,3.76,0,,
2023-03-18 15:20:00,2184,9999999,2,3.76,0,,
2023-03-18 15:22:00,2185,9999999,2,3.76,0,,
2023-03-18 15:24:00,2186,9999999,2,3.76,0,,
2023-03-18 15:26:00,2187,9999999,2,3.76,0,,
2023-03-18 15:28:00,2188,9999999,2,3.76,0,,
2023-03-18 15:30:00,2189,9999999,2,3.76,0,,
2023-03-18 15:32:00,2190,9999999,2,3.76,0,,
2023-03-18 15:34:00,2191,9999999,2,3.76,0,,
2023-03-18 15:36:00,2192,9999999,2,3.76,0,,
2023-03-18 15:38:00,2193,9999999,2,3.76,0,,
2023-03-18 15:40:00,2194,9999999,2,3.76,0,,
2023-03-18 15:42:00,2195,9999999,2,3.76,0,,
2023-03-18 15:44:00,2196,9999999,2,3.76,0,,
2023-03-18 15:46:00,2197,9999999,2,3.76,0,,
2023-03-18 15:48:00,2198,9999999,2,3.76,0,,
2023-03-18 15:50:00,2199,9999999,2,3.76,0,,
2023-03-18 15:52:00,2200,9999999,2,3.76,0,,
2023-03-18 15:54:00,2201,9999999,2,3.76,0,,
2023-03-18 15:56:00,2202,9999999,2,3.76,0,,
2023-03-18 15:58:00,2203,9999999,2,3.76,0,,
2023-03-18 16:00:00,2204,9999999,2,3.76,0,,
2023-03-18 16:02:00,2205,9999999,2,3.76,0,,
2023-03-18 16:04:00,2206,9999999,2,3.76,0,,
2023-03-18 16:06:00,2207,9999999,2,3.76,0,,
2023-03-18 16:08:00,2208,9999999,2,3.76,0,,
2023-03-18 16:10:00,2209,9999999,2,3.76,0,,
2023-03-18 16:12:00,2210,9999999,2,3.76,0,,
2023-03-18 16:14:00,2211,9999999,2,3.76,0,,
2023-03-18 16:16:00,2212,9999999,2,3.76,0,,
2023-03-18 16:18:00,2213,9999999,2,3.76,0,,
2023-03-18 16:20:00,2214,9999999,2,3.76,0,,
2023-03-18 16:22:00,2215,9999999,2,3.76,0,,
2023-03-18 16:24:00,2216,9999999,2,3.76,0,,
2023-03-18 16:26:00,2217,9999999,2,3.76,0,,
2023-03-18 16:28:00,2218,9999999,2,3.76,0,,
2023-03-18 16:30:00,2219,9999999,2,3.76,0,,
2023-03-18 16:32:00,2220,9999999,2,3.76,0,,
2023-03-18 16:34:00,2221,9999999,2,3.76,0,,
2023-03-18 16:36:00,2222,9999999,2,3.76,0,,
2023-03-18 16:38:00,2223,9999999,2,3.76,0,,
2023-03-18 16:40:00,2224,9999999,2,3.76,0,,
2023-03-18 16:42:00,2225,9999999,2,3.76,0,,
2023-03-18 16:44:00,2226,9999999,2,3.76,0,,
2023-03-18 16:46:00,2227,9999999,2,3.76,0,,
2023-03-18 16:48:00,2228,9999999,2,3.76,0,,
2023-03-18 16:50:00,2229,9999999,2,3.76,0,,
2023-03-18 16:52:00,2230,9999999,2,3.76,0,,
2023-03-18 16:54:00,2231,9999999,2,3.76,0,,
2023-03-18 16:56:00,2232,9999999,2,3.76,0,,
2023-03-18 16:58:00,2233,9999999,2,3.76,0,,
2023-03-18 17:00:00,2234,9999999,2,3.76,0,,
2023-03-18 17:02:00,2235,9999999,2,3.76,0,,
